1,две,два,NUM,_,Case=Nom|Gender=Fem,_,_,_,@yad1986m-words#@yad1986m#2311.34#2311.586
2,тысячи,тысяча,NOUN,_,Animacy=Inan|Case=Gen|Gender=Fem|Number=Sing,_,_,_,@yad1986m-words#@yad1986m#2311.586#2311.832
3,тринадцатый,тринадцатый,ADJ,_,Animacy=Inan|Case=Acc|Degree=Pos|Gender=Masc|Number=Sing,_,_,_,@yad1986m-words#@yad1986m#2311.832#2312.078
4,год,год,NOUN,_,Animacy=Inan|Case=Acc|Gender=Masc|Number=Sing,_,_,_,@yad1986m-words#@yad1986m#2312.078#2312.324
5,/,/,PUNCT,_,_,_,_,_,@yad1986m-words#@yad1986m#2312.324#2312.57
6,мм,мм,NOUN,_,Animacy=Inan|Case=Acc|Gender=Masc|Number=Sing,_,_,_,@yad1986m-words#@yad1986m#2312.57#2312.816
7,#цокает#,#цокает#,NOUN,_,Animacy=Inan|Case=Gen|Gender=Fem|Number=Sing,_,_,_,@yad1986m-words#@yad1986m#2312.816#2313.062
8,/,/,PUNCT,_,_,_,_,_,@yad1986m-words#@yad1986m#2313.062#2313.308
9,вы,вы,PRON,_,Case=Nom|Number=Plur|Person=2,_,_,_,@yad1986m-words#@yad1986m#2313.308#2313.554
10,сняли,снять,VERB,_,Aspect=Perf|Mood=Ind|Number=Plur|Tense=Past|VerbForm=Fin|Voice=Act,_,_,_,@yad1986m-words#@yad1986m#2313.554#2313.8
11,фильм,фильм,NOUN,_,Animacy=Inan|Case=Acc|Gender=Masc|Number=Sing,_,_,_,@yad1986m-words#@yad1986m#2313.8#2314.046
12,/,/,PUNCT,_,_,_,_,_,@yad1986m-words#@yad1986m#2314.046#2314.292
13,ээ,ээ,INTJ,_,_,_,_,_,@yad1986m-words#@yad1986m#2314.292#2314.538
14,/,/,PUNCT,_,_,_,_,_,@yad1986m-words#@yad1986m#2314.538#2314.784
15,про,про,ADP,_,_,_,_,_,@yad1986m-words#@yad1986m#2314.784#2315.03
16,Германию,Германия,PROPN,_,Animacy=Inan|Case=Acc|Gender=Fem|Number=Sing,_,_,_,@yad1986m-words#@yad1986m#2315.03#2315.29
17,вместе,вместе,ADV,_,Degree=Pos,_,_,_,@yad1986m-words#@yad1986m#2315.31#2315.525
18,с,с,ADP,_,_,_,_,_,@yad1986m-words#@yad1986m#2315.525#2315.74
19,Иваном,Иван,PROPN,_,Animacy=Inan|Case=Ins|Gender=Masc|Number=Sing,_,_,_,@yad1986m-words#@yad1986m#2315.74#2316.07
20,ээ,ээ,NOUN,_,Animacy=Inan|Case=Gen|Gender=Fem|Number=Sing,_,_,_,@yad1986m-words#@yad1986m#2316.07#2316.4
21,вместе,вместе,ADV,_,Degree=Pos,_,_,_,@yad1986m-words#@yad1986m#2316.44#2316.73
22,с,с,ADP,_,_,_,_,_,@yad1986m-words#@yad1986m#2316.73#2317.02
23,Иваном,Иваный,PROPN,_,Animacy=Anim|Case=Ins|Gender=Masc|Number=Sing,_,_,_,@yad1986m-words#@yad1986m#2317.02#2317.31
24,Ургантом,Ургант,PROPN,_,Animacy=Anim|Case=Ins|Gender=Masc|Number=Sing,_,_,_,@yad1986m-words#@yad1986m#2317.31#2317.6
25,согласны,согласный,ADJ,_,Degree=Pos|Number=Plur|Variant=Short,_,_,_,@yad1986m-words#@yad1986m#2318.33#2318.603
26,ли,ли,PART,_,_,_,_,_,@yad1986m-words#@yad1986m#2318.603#2318.876
27,вы,вы,PRON,_,Case=Nom|Number=Plur|Person=2,_,_,_,@yad1986m-words#@yad1986m#2318.876#2319.149
28,с,с,ADP,_,_,_,_,_,@yad1986m-words#@yad1986m#2319.149#2319.422
29,тем,то,PRON,_,Animacy=Inan|Case=Ins|Gender=Neut|Number=Sing,_,_,_,@yad1986m-words#@yad1986m#2319.422#2319.695
30,/,/,PUNCT,_,_,_,_,_,@yad1986m-words#@yad1986m#2319.695#2319.968
31,что,что,SCONJ,_,_,_,_,_,@yad1986m-words#@yad1986m#2319.968#2320.241
32,/,/,PUNCT,_,_,_,_,_,@yad1986m-words#@yad1986m#2320.241#2320.514
33,ваша,ваш,DET,_,Case=Nom|Gender=Fem|Number=Sing,_,_,_,@yad1986m-words#@yad1986m#2320.514#2320.787
34,работа,работа,NOUN,_,Animacy=Inan|Case=Nom|Gender=Fem|Number=Sing,_,_,_,@yad1986m-words#@yad1986m#2320.787#2321.06
35,там,там,ADV,_,Degree=Pos,_,_,_,@yad1986m-words#@yad1986m#2321.06#2321.333
36,как,как,SCONJ,_,_,_,_,_,@yad1986m-words#@yad1986m#2321.333#2321.606
37,ведущего,ведущий,VERB,_,Aspect=Imp|Case=Gen|Gender=Masc|Number=Sing|Tense=Pres|VerbForm=Part|Voice=Act,_,_,_,@yad1986m-words#@yad1986m#2321.606#2321.89
38,это,это,PRON,_,Animacy=Inan|Case=Acc|Gender=Neut|Number=Sing,_,_,_,@yad1986m-words#@yad1986m#2322.55#2322.803
39,провал,провал,NOUN,_,Animacy=Inan|Case=Acc|Gender=Masc|Number=Sing,_,_,_,@yad1986m-words#@yad1986m#2322.803#2323.056
40,?,?,PUNCT,_,_,_,_,_,@yad1986m-words#@yad1986m#2323.056#2323.31
41,тогда,тогда,ADV,_,Degree=Pos,_,_,_,@yad1986m-words#@yad1986m#2327.74#2328.03
42,давайте,давать,VERB,_,Aspect=Imp|Mood=Imp|Number=Plur|Person=2|VerbForm=Fin|Voice=Act,_,_,_,@yad1986m-words#@yad1986m#2328.03#2328.32
43,я,я,PRON,_,Case=Nom|Number=Sing|Person=1,_,_,_,@yad1986m-words#@yad1986m#2328.32#2328.61
44,объясню,объяснить,VERB,_,Aspect=Perf|Mood=Ind|Number=Sing|Person=1|Tense=Fut|VerbForm=Fin|Voice=Act,_,_,_,@yad1986m-words#@yad1986m#2328.61#2328.9
45,смотрите,смотреть,VERB,_,Aspect=Imp|Mood=Imp|Number=Plur|Person=2|VerbForm=Fin|Voice=Act,_,_,_,@yad1986m-words#@yad1986m#2330.0#2330.336
46,/,/,PUNCT,_,_,_,_,_,@yad1986m-words#@yad1986m#2330.336#2330.672
47,я,я,PRON,_,Case=Nom|Number=Sing|Person=1,_,_,_,@yad1986m-words#@yad1986m#2330.672#2331.008
48,привык,привыкнуть,VERB,_,Aspect=Perf|Gender=Masc|Mood=Ind|Number=Sing|Tense=Past|VerbForm=Fin|Voice=Act,_,_,_,@yad1986m-words#@yad1986m#2331.008#2331.344
49,к,к,ADP,_,_,_,_,_,@yad1986m-words#@yad1986m#2331.344#2331.68
50,Познеру,Познера,PROPN,_,Animacy=Anim|Case=Dat|Gender=Masc|Number=Sing,_,_,_,@yad1986m-words#@yad1986m#2331.68#2332.016
51,/,/,PUNCT,_,_,_,_,_,@yad1986m-words#@yad1986m#2332.016#2332.352
52,как,как,SCONJ,_,_,_,_,_,@yad1986m-words#@yad1986m#2332.352#2332.688
53,/,/,PUNCT,_,_,_,_,_,@yad1986m-words#@yad1986m#2332.688#2333.024
54,понятно,понятный,ADJ,_,Degree=Pos|Gender=Neut|Number=Sing|Variant=Short,_,_,_,@yad1986m-words#@yad1986m#2333.024#2333.36
55,/,/,PUNCT,_,_,_,_,_,@yad1986m-words#@yad1986m#2333.36#2333.696
56,что,что,SCONJ,_,_,_,_,_,@yad1986m-words#@yad1986m#2333.696#2334.032
57,не,не,PART,_,_,_,_,_,@yad1986m-words#@yad1986m#2334.032#2334.368
58,бывает,бывать,VERB,_,Aspect=Imp|Mood=Ind|Number=Sing|Person=3|Tense=Pres|VerbForm=Fin|Voice=Act,_,_,_,@yad1986m-words#@yad1986m#2334.368#2334.704
59,полностью,полностью,ADV,_,Degree=Pos,_,_,_,@yad1986m-words#@yad1986m#2334.704#2335.04
60,объективный,объективный,ADJ,_,Case=Nom|Degree=Pos|Gender=Masc|Number=Sing,_,_,_,@yad1986m-words#@yad1986m#2335.04#2335.376
61,людей,человек,NOUN,_,Animacy=Anim|Case=Gen|Gender=Masc|Number=Plur,_,_,_,@yad1986m-words#@yad1986m#2335.376#2335.72
62,и,и,CCONJ,_,_,_,_,_,@yad1986m-words#@yad1986m#2335.74#2336.039
63,вообще,вообще,ADV,_,Degree=Pos,_,_,_,@yad1986m-words#@yad1986m#2336.039#2336.338
64,/,/,PUNCT,_,_,_,_,_,@yad1986m-words#@yad1986m#2336.338#2336.637
65,объективность,объективность,NOUN,_,Animacy=Inan|Case=Acc|Gender=Fem|Number=Sing,_,_,_,@yad1986m-words#@yad1986m#2336.637#2336.936
66,/,/,PUNCT,_,_,_,_,_,@yad1986m-words#@yad1986m#2336.936#2337.235
67,это,это,PRON,_,Animacy=Inan|Case=Nom|Gender=Neut|Number=Sing,_,_,_,@yad1986m-words#@yad1986m#2337.235#2337.534
68,скучно,скучный,ADJ,_,Degree=Pos|Gender=Neut|Number=Sing|Variant=Short,_,_,_,@yad1986m-words#@yad1986m#2337.534#2337.833
69,/,/,PUNCT,_,_,_,_,_,@yad1986m-words#@yad1986m#2337.833#2338.132
70,во,в,ADP,_,_,_,_,_,@yad1986m-words#@yad1986m#2338.132#2338.431
71,многих,много,NUM,_,_,_,_,_,@yad1986m-words#@yad1986m#2338.431#2338.73
72,вещах,вещь,NOUN,_,Animacy=Inan|Case=Loc|Gender=Fem|Number=Plur,_,_,_,@yad1986m-words#@yad1986m#2338.73#2339.03
73,ну,ну,PART,_,_,_,_,_,@yad1986m-words#@yad1986m#2339.59#2339.802
74,/,/,PUNCT,_,_,_,_,_,@yad1986m-words#@yad1986m#2339.802#2340.014
75,надо,надо,ADV,_,Degree=Pos,_,_,_,@yad1986m-words#@yad1986m#2340.014#2340.226
76,быть,быть,AUX,_,Aspect=Imp|VerbForm=Inf|Voice=Act,_,_,_,@yad1986m-words#@yad1986m#2340.226#2340.438
77,объективным,объективный,ADJ,_,Case=Ins|Degree=Pos|Gender=Masc|Number=Sing,_,_,_,@yad1986m-words#@yad1986m#2340.438#2340.65
78,/,/,PUNCT,_,_,_,_,_,@yad1986m-words#@yad1986m#2340.65#2340.862
79,но,но,CCONJ,_,_,_,_,_,@yad1986m-words#@yad1986m#2340.862#2341.074
80,тем,то,PRON,_,Animacy=Inan|Case=Ins|Gender=Neut|Number=Sing,_,_,_,@yad1986m-words#@yad1986m#2341.074#2341.286
81,не,не,PART,_,Polarity=Neg,_,_,_,@yad1986m-words#@yad1986m#2341.286#2341.498
82,менее,менее,ADV,_,Degree=Cmp,_,_,_,@yad1986m-words#@yad1986m#2341.498#2341.71
83,/,/,PUNCT,_,_,_,_,_,@yad1986m-words#@yad1986m#2341.71#2341.922
84,[нрзб],[нрзб],PUNCT,_,_,_,_,_,@yad1986m-words#@yad1986m#2341.922#2342.134
85,/,/,PUNCT,_,_,_,_,_,@yad1986m-words#@yad1986m#2342.134#2342.346
86,не…,не…,PUNCT,_,_,_,_,_,@yad1986m-words#@yad1986m#2342.346#2342.558
87,/,/,PUNCT,_,_,_,_,_,@yad1986m-words#@yad1986m#2342.558#2342.77
88,всегда,всегда,ADV,_,Degree=Pos,_,_,_,@yad1986m-words#@yad1986m#2342.77#2342.982
89,есть,быть,VERB,_,Aspect=Imp|Mood=Ind|Number=Sing|Person=3|Tense=Pres|VerbForm=Fin|Voice=Act,_,_,_,@yad1986m-words#@yad1986m#2342.982#2343.194
90,риск,риск,NOUN,_,Animacy=Inan|Case=Nom|Gender=Masc|Number=Sing,_,_,_,@yad1986m-words#@yad1986m#2343.194#2343.406
91,/,/,PUNCT,_,_,_,_,_,@yad1986m-words#@yad1986m#2343.406#2343.618
92,что,что,SCONJ,_,_,_,_,_,@yad1986m-words#@yad1986m#2343.618#2343.83
93,ты,ты,PRON,_,Case=Nom|Number=Sing|Person=2,_,_,_,@yad1986m-words#@yad1986m#2343.83#2344.042
94,в,в,ADP,_,_,_,_,_,@yad1986m-words#@yad1986m#2344.042#2344.254
95,сухость,сухость,NOUN,_,Animacy=Inan|Case=Acc|Gender=Fem|Number=Sing,_,_,_,@yad1986m-words#@yad1986m#2344.254#2344.466
96,перейдешь,перейти,VERB,_,Aspect=Perf|Mood=Ind|Number=Sing|Person=2|Tense=Fut|VerbForm=Fin|Voice=Act,_,_,_,@yad1986m-words#@yad1986m#2344.466#2344.7
97,в,в,ADP,_,_,_,_,_,@yad1986m-words#@yad1986m#2344.7#2345.0
98,сухость,сухость,NOUN,_,Animacy=Inan|Case=Acc|Gender=Fem|Number=Sing,_,_,_,@yad1986m-words#@yad1986m#2345.0#2345.3
99,/,/,PUNCT,_,_,_,_,_,@yad1986m-words#@yad1986m#2345.3#2345.6
100,которая,который,PRON,_,Case=Nom,_,_,_,@yad1986m-words#@yad1986m#2345.6#2345.9
101,погубит,губить,VERB,_,Aspect=Perf|Mood=Ind|Number=Sing|Person=3|Tense=Fut|VerbForm=Fin|Voice=Act,_,_,_,@yad1986m-words#@yad1986m#2345.9#2346.2
102,особенно,особенно,ADV,_,Degree=Pos,_,_,_,@yad1986m-words#@yad1986m#2346.2#2346.5
103,такой,такой,DET,_,Case=Nom|Gender=Masc|Number=Sing,_,_,_,@yad1986m-words#@yad1986m#2346.5#2346.8
104,инфотеймотовый,инфотеймотовый,ADJ,_,Case=Nom|Degree=Pos|Gender=Masc|Number=Sing,_,_,_,@yad1986m-words#@yad1986m#2346.8#2347.1
105,формат,формат,NOUN,_,Animacy=Inan|Case=Nom|Gender=Masc|Number=Sing,_,_,_,@yad1986m-words#@yad1986m#2347.1#2347.4
106,/,/,PUNCT,_,_,_,_,_,@yad1986m-words#@yad1986m#2347.4#2347.7
107,как,как,SCONJ,_,_,_,_,_,@yad1986m-words#@yad1986m#2347.7#2348.0
108,вы,вы,PRON,_,Case=Nom|Number=Plur|Person=2,_,_,_,@yad1986m-words#@yad1986m#2348.0#2348.3
109,с,с,ADP,_,_,_,_,_,@yad1986m-words#@yad1986m#2348.3#2348.6
110,Ваней,Ваня,ADV,_,Degree=Cmp,_,_,_,@yad1986m-words#@yad1986m#2348.6#2348.9
111,выбрали,выбрать,VERB,_,Aspect=Perf|Mood=Ind|Number=Plur|Tense=Past|VerbForm=Fin|Voice=Act,_,_,_,@yad1986m-words#@yad1986m#2348.9#2349.2
112,/,/,PUNCT,_,_,_,_,_,@yad1986m-words#@yad1986m#2349.2#2349.5
113,в,в,ADP,_,_,_,_,_,@yad1986m-words#@yad1986m#2349.5#2349.8
114,этих,этот,DET,_,Case=Loc|Number=Plur,_,_,_,@yad1986m-words#@yad1986m#2349.8#2350.1
115,роуд,роуд,NOUN,_,Animacy=Inan|Case=Acc|Gender=Masc|Number=Sing,_,_,_,@yad1986m-words#@yad1986m#2350.1#2350.4
116,мувиз,мувиза,NOUN,_,Animacy=Inan|Case=Gen|Gender=Masc|Number=Plur,_,_,_,@yad1986m-words#@yad1986m#2350.4#2350.71
117,но,но,CCONJ,_,_,_,_,_,@yad1986m-words#@yad1986m#2351.56#2351.966
118,/,/,PUNCT,_,_,_,_,_,@yad1986m-words#@yad1986m#2351.966#2352.372
119,тут,тут,ADV,_,Degree=Pos,_,_,_,@yad1986m-words#@yad1986m#2352.372#2352.778
120,я,я,PRON,_,Case=Nom|Number=Sing|Person=1,_,_,_,@yad1986m-words#@yad1986m#2352.778#2353.184
121,увидел,видеть,VERB,_,Aspect=Perf|Gender=Masc|Mood=Ind|Number=Sing|Tense=Past|VerbForm=Fin|Voice=Act,_,_,_,@yad1986m-words#@yad1986m#2353.184#2353.59
122,человека,человек,NOUN,_,Animacy=Anim|Case=Acc|Gender=Masc|Number=Sing,_,_,_,@yad1986m-words#@yad1986m#2353.59#2353.996
123,/,/,PUNCT,_,_,_,_,_,@yad1986m-words#@yad1986m#2353.996#2354.402
124,вместо,вместо,ADP,_,_,_,_,_,@yad1986m-words#@yad1986m#2354.402#2354.808
125,объективного,объективный,ADJ,_,Case=Gen|Degree=Pos|Gender=Neut|Number=Sing,_,_,_,@yad1986m-words#@yad1986m#2354.808#2355.22
126,извините,извинить,VERB,_,Aspect=Perf|Mood=Imp|Number=Plur|Person=2|VerbForm=Fin|Voice=Act,_,_,_,@yad1986m-words#@yad1986m#2355.53#2355.968
127,за,за,ADP,_,_,_,_,_,@yad1986m-words#@yad1986m#2355.968#2356.406
128,патетику,патетика,NOUN,_,Animacy=Inan|Case=Acc|Gender=Fem|Number=Sing,_,_,_,@yad1986m-words#@yad1986m#2356.406#2356.844
129,/,/,PUNCT,_,_,_,_,_,@yad1986m-words#@yad1986m#2356.844#2357.282
130,мудрого,мудрый,ADJ,_,Case=Gen|Degree=Pos|Gender=Masc|Number=Sing,_,_,_,@yad1986m-words#@yad1986m#2357.282#2357.72
131,человека,человек,NOUN,_,Animacy=Anim|Case=Gen|Gender=Masc|Number=Sing,_,_,_,@yad1986m-words#@yad1986m#2358.5#2359.24
132,я,я,PRON,_,Case=Nom|Number=Sing|Person=1,_,_,_,@yad1986m-words#@yad1986m#2359.83#2360.169
133,увидел,видеть,VERB,_,Aspect=Perf|Gender=Masc|Mood=Ind|Number=Sing|Tense=Past|VerbForm=Fin|Voice=Act,_,_,_,@yad1986m-words#@yad1986m#2360.169#2360.508
134,человека,человек,NOUN,_,Animacy=Anim|Case=Acc|Gender=Masc|Number=Sing,_,_,_,@yad1986m-words#@yad1986m#2360.508#2360.847
135,/,/,PUNCT,_,_,_,_,_,@yad1986m-words#@yad1986m#2360.847#2361.186
136,который,который,PRON,_,Case=Nom,_,_,_,@yad1986m-words#@yad1986m#2361.186#2361.525
137,на,на,ADP,_,_,_,_,_,@yad1986m-words#@yad1986m#2361.525#2361.864
138,протяжении,протяжение,NOUN,_,Animacy=Inan|Case=Loc|Gender=Neut|Number=Sing,_,_,_,@yad1986m-words#@yad1986m#2361.864#2362.203
139,двух,два,NUM,_,Case=Gen,_,_,_,@yad1986m-words#@yad1986m#2362.203#2362.542
140,серий,серия,NOUN,_,Animacy=Inan|Case=Gen|Gender=Fem|Number=Plur,_,_,_,@yad1986m-words#@yad1986m#2362.542#2362.881
141,/,/,PUNCT,_,_,_,_,_,@yad1986m-words#@yad1986m#2362.881#2363.22
142,затыкает,затыкать,VERB,_,Aspect=Imp|Mood=Ind|Number=Sing|Person=3|Tense=Pres|VerbForm=Fin|Voice=Act,_,_,_,@yad1986m-words#@yad1986m#2363.22#2363.56
143,себе,себя,PRON,_,Case=Dat,_,_,_,@yad1986m-words#@yad1986m#2363.56#2363.945
144,просто,просто,PART,_,_,_,_,_,@yad1986m-words#@yad1986m#2363.945#2364.33
145,а,а,CCONJ,_,_,_,_,_,@yad1986m-words#@yad1986m#2368.2#2368.37
146,/,/,PUNCT,_,_,_,_,_,@yad1986m-words#@yad1986m#2368.37#2368.54
147,на,на,ADP,_,_,_,_,_,@yad1986m-words#@yad1986m#2368.54#2368.71
148,протяж…,протяж…,PUNCT,_,_,_,_,_,@yad1986m-words#@yad1986m#2368.71#2368.88
149,[нрзб],[нрзб],PUNCT,_,_,_,_,_,@yad1986m-words#@yad1986m#2368.88#2369.05
150,/,/,PUNCT,_,_,_,_,_,@yad1986m-words#@yad1986m#2369.05#2369.22
151,окей,окей,NOUN,_,Animacy=Inan|Case=Ins|Gender=Fem|Number=Sing,_,_,_,@yad1986m-words#@yad1986m#2369.22#2369.39
152,/,/,PUNCT,_,_,_,_,_,@yad1986m-words#@yad1986m#2369.39#2369.56
153,я,я,PRON,_,Case=Nom|Number=Sing|Person=1,_,_,_,@yad1986m-words#@yad1986m#2369.56#2369.73
154,просто,просто,PART,_,_,_,_,_,@yad1986m-words#@yad1986m#2369.73#2369.9
155,смотрел,смотреть,VERB,_,Aspect=Imp|Gender=Masc|Mood=Ind|Number=Sing|Tense=Past|VerbForm=Fin|Voice=Act,_,_,_,@yad1986m-words#@yad1986m#2369.9#2370.07
156,смонтами,смонт,NOUN,_,Animacy=Anim|Case=Ins|Gender=Masc|Number=Plur,_,_,_,@yad1986m-words#@yad1986m#2370.07#2370.25
157,большими,большой,ADJ,_,Case=Ins|Degree=Pos|Number=Plur,_,_,_,@yad1986m-words#@yad1986m#2370.25#2370.623
158,по,по,ADP,_,_,_,_,_,@yad1986m-words#@yad1986m#2370.623#2370.996
159,несколько,несколько,NUM,_,Animacy=Inan|Case=Acc,_,_,_,@yad1986m-words#@yad1986m#2370.996#2371.369
160,часов,час,NOUN,_,Animacy=Inan|Case=Gen|Gender=Masc|Number=Plur,_,_,_,@yad1986m-words#@yad1986m#2371.369#2371.742
161,/,/,PUNCT,_,_,_,_,_,@yad1986m-words#@yad1986m#2371.742#2372.115
162,вот,вот,PART,_,_,_,_,_,@yad1986m-words#@yad1986m#2372.115#2372.49
163,извините,извинить,VERB,_,Aspect=Perf|Mood=Imp|Number=Plur|Person=2|VerbForm=Fin|Voice=Act,_,_,_,@yad1986m-words#@yad1986m#2372.77#2373.055
164,/,/,PUNCT,_,_,_,_,_,@yad1986m-words#@yad1986m#2373.055#2373.34
165,это,это,PRON,_,Animacy=Inan|Case=Nom|Gender=Neut|Number=Sing,_,_,_,@yad1986m-words#@yad1986m#2373.34#2373.625
166,п...,п...,PROPN,_,Animacy=Anim|Case=Ins|Gender=Fem|Number=Sing,_,_,_,@yad1986m-words#@yad1986m#2373.625#2373.91
167,пираткой,пиратка,NOUN,_,Animacy=Inan|Case=Ins|Gender=Fem|Number=Sing,_,_,_,@yad1986m-words#@yad1986m#2373.91#2374.195
168,скачено,скатить,VERB,_,Aspect=Perf|Gender=Neut|Number=Sing|Tense=Past|Variant=Short|VerbForm=Part|Voice=Pass,_,_,_,@yad1986m-words#@yad1986m#2374.195#2374.48
169,было,быть,AUX,_,Aspect=Imp|Gender=Neut|Mood=Ind|Number=Sing|Tense=Past|VerbForm=Fin|Voice=Act,_,_,_,@yad1986m-words#@yad1986m#2374.48#2374.77
170,поэтому,поэтому,ADV,_,Degree=Pos,_,_,_,@yad1986m-words#@yad1986m#2374.77#2375.52
171,поэтому,поэтому,ADV,_,Degree=Pos,_,_,_,@yad1986m-words#@yad1986m#2375.52#2375.95
172,/,/,PUNCT,_,_,_,_,_,@yad1986m-words#@yad1986m#2375.95#2376.38
173,многочасовые,многочасовой,ADJ,_,Case=Nom|Degree=Pos|Number=Plur,_,_,_,@yad1986m-words#@yad1986m#2376.38#2376.81
174,вот,вот,PART,_,_,_,_,_,@yad1986m-words#@yad1986m#2376.84#2377.063
175,/,/,PUNCT,_,_,_,_,_,@yad1986m-words#@yad1986m#2377.063#2377.286
176,тем,то,PRON,_,Animacy=Inan|Case=Ins|Gender=Neut|Number=Sing,_,_,_,@yad1986m-words#@yad1986m#2377.286#2377.509
177,не,не,PART,_,Polarity=Neg,_,_,_,@yad1986m-words#@yad1986m#2377.509#2377.732
178,менее,менее,ADV,_,Degree=Cmp,_,_,_,@yad1986m-words#@yad1986m#2377.732#2377.955
179,/,/,PUNCT,_,_,_,_,_,@yad1986m-words#@yad1986m#2377.955#2378.178
180,я,я,PRON,_,Case=Nom|Number=Sing|Person=1,_,_,_,@yad1986m-words#@yad1986m#2378.178#2378.401
181,увидел,видеть,VERB,_,Aspect=Perf|Gender=Masc|Mood=Ind|Number=Sing|Tense=Past|VerbForm=Fin|Voice=Act,_,_,_,@yad1986m-words#@yad1986m#2378.401#2378.624
182,человека,человек,NOUN,_,Animacy=Anim|Case=Acc|Gender=Masc|Number=Sing,_,_,_,@yad1986m-words#@yad1986m#2378.624#2378.847
183,/,/,PUNCT,_,_,_,_,_,@yad1986m-words#@yad1986m#2378.847#2379.07
184,который,который,PRON,_,Case=Nom,_,_,_,@yad1986m-words#@yad1986m#2379.07#2379.293
185,/,/,PUNCT,_,_,_,_,_,@yad1986m-words#@yad1986m#2379.293#2379.516
186,эээ,эээ,INTJ,_,_,_,_,_,@yad1986m-words#@yad1986m#2379.516#2379.739
187,/,/,PUNCT,_,_,_,_,_,@yad1986m-words#@yad1986m#2379.739#2379.962
188,ну,ну,PART,_,_,_,_,_,@yad1986m-words#@yad1986m#2379.962#2380.185
189,/,/,PUNCT,_,_,_,_,_,@yad1986m-words#@yad1986m#2380.185#2380.408
190,просто,просто,PART,_,_,_,_,_,@yad1986m-words#@yad1986m#2380.408#2380.631
191,/,/,PUNCT,_,_,_,_,_,@yad1986m-words#@yad1986m#2380.631#2380.854
192,ээ,ээ,INTJ,_,_,_,_,_,@yad1986m-words#@yad1986m#2380.854#2381.077
193,/,/,PUNCT,_,_,_,_,_,@yad1986m-words#@yad1986m#2381.077#2381.3
194,делает,делать,VERB,_,Aspect=Imp|Mood=Ind|Number=Sing|Person=3|Tense=Pres|VerbForm=Fin|Voice=Act,_,_,_,@yad1986m-words#@yad1986m#2381.3#2381.523
195,все,все,DET,_,Case=Acc|Number=Plur,_,_,_,@yad1986m-words#@yad1986m#2381.523#2381.76
196,чтобы,чтобы,NOUN,_,Animacy=Inan|Case=Acc|Gender=Masc|Number=Plur,_,_,_,@yad1986m-words#@yad1986m#2382.07#2382.344
197,/,/,PUNCT,_,_,_,_,_,@yad1986m-words#@yad1986m#2382.344#2382.618
198,яд,яд,NOUN,_,Animacy=Inan|Case=Acc|Gender=Masc|Number=Sing,_,_,_,@yad1986m-words#@yad1986m#2382.618#2382.892
199,и,и,CCONJ,_,_,_,_,_,@yad1986m-words#@yad1986m#2382.892#2383.166
200,обида,обида,NOUN,_,Animacy=Inan|Case=Gen|Gender=Masc|Number=Sing,_,_,_,@yad1986m-words#@yad1986m#2383.166#2383.44
201,/,/,PUNCT,_,_,_,_,_,@yad1986m-words#@yad1986m#2383.44#2383.714
202,которая,который,PRON,_,Case=Nom,_,_,_,@yad1986m-words#@yad1986m#2383.714#2383.988
203,есть,быть,VERB,_,Aspect=Imp|Mood=Ind|Number=Sing|Person=3|Tense=Pres|VerbForm=Fin|Voice=Act,_,_,_,@yad1986m-words#@yad1986m#2383.988#2384.262
204,у,у,ADP,_,_,_,_,_,@yad1986m-words#@yad1986m#2384.262#2384.536
205,него,он,PRON,_,Case=Gen|Gender=Masc|Number=Sing|Person=3,_,_,_,@yad1986m-words#@yad1986m#2384.536#2384.81
206,по,по,ADP,_,_,_,_,_,@yad1986m-words#@yad1986m#2384.81#2385.084
207,отношению,отношение,NOUN,_,Animacy=Inan|Case=Dat|Gender=Neut|Number=Sing,_,_,_,@yad1986m-words#@yad1986m#2385.084#2385.358
208,к,к,ADP,_,_,_,_,_,@yad1986m-words#@yad1986m#2385.358#2385.632
209,стране,страна,NOUN,_,Animacy=Inan|Case=Dat|Gender=Fem|Number=Sing,_,_,_,@yad1986m-words#@yad1986m#2385.632#2385.91
210,они,они,PRON,_,Case=Nom|Number=Plur|Person=3,_,_,_,@yad1986m-words#@yad1986m#2386.31#2386.551
211,на,на,ADP,_,_,_,_,_,@yad1986m-words#@yad1986m#2386.551#2386.792
212,зрителей,зритель,NOUN,_,Animacy=Anim|Case=Acc|Gender=Masc|Number=Plur,_,_,_,@yad1986m-words#@yad1986m#2386.792#2387.033
213,/,/,PUNCT,_,_,_,_,_,@yad1986m-words#@yad1986m#2387.033#2387.274
214,в,в,ADP,_,_,_,_,_,@yad1986m-words#@yad1986m#2387.274#2387.515
215,общем,общий,ADJ,_,Case=Loc|Degree=Pos|Gender=Neut|Number=Sing,_,_,_,@yad1986m-words#@yad1986m#2387.515#2387.756
216,/,/,PUNCT,_,_,_,_,_,@yad1986m-words#@yad1986m#2387.756#2387.997
217,они,они,PRON,_,Case=Nom|Number=Plur|Person=3,_,_,_,@yad1986m-words#@yad1986m#2387.997#2388.238
218,в,в,ADP,_,_,_,_,_,@yad1986m-words#@yad1986m#2388.238#2388.479
219,любом,любой,DET,_,Case=Loc|Gender=Masc|Number=Sing,_,_,_,@yad1986m-words#@yad1986m#2388.479#2388.72
220,случае,случай,NOUN,_,Animacy=Inan|Case=Loc|Gender=Masc|Number=Sing,_,_,_,@yad1986m-words#@yad1986m#2388.72#2388.961
221,выливались,выливаться,VERB,_,Aspect=Imp|Mood=Ind|Number=Plur|Tense=Past|VerbForm=Fin|Voice=Mid,_,_,_,@yad1986m-words#@yad1986m#2388.961#2389.202
222,/,/,PUNCT,_,_,_,_,_,@yad1986m-words#@yad1986m#2389.202#2389.443
223,но,но,CCONJ,_,_,_,_,_,@yad1986m-words#@yad1986m#2389.443#2389.684
224,не,не,PART,_,_,_,_,_,@yad1986m-words#@yad1986m#2389.684#2389.925
225,так,так,ADV,_,Degree=Pos,_,_,_,@yad1986m-words#@yad1986m#2389.925#2390.166
226,сильно,сильно,ADV,_,Degree=Pos,_,_,_,@yad1986m-words#@yad1986m#2390.166#2390.407
227,/,/,PUNCT,_,_,_,_,_,@yad1986m-words#@yad1986m#2390.407#2390.648
228,как,как,SCONJ,_,_,_,_,_,@yad1986m-words#@yad1986m#2390.648#2390.889
229,он,он,PRON,_,Case=Nom|Gender=Masc|Number=Sing|Person=3,_,_,_,@yad1986m-words#@yad1986m#2390.889#2391.13
230,хотел,хотеть,VERB,_,Aspect=Imp|Gender=Masc|Mood=Ind|Number=Sing|Tense=Past|VerbForm=Fin|Voice=Act,_,_,_,@yad1986m-words#@yad1986m#2391.13#2391.38
231,ээ,ээ,X,_,Foreign=Yes,_,_,_,@yad1986m-words#@yad1986m#2392.17#2392.477
232,/,/,PUNCT,_,_,_,_,_,@yad1986m-words#@yad1986m#2392.477#2392.784
233,зачем,зачем,ADV,_,Degree=Pos,_,_,_,@yad1986m-words#@yad1986m#2392.784#2393.091
234,вообще,вообще,ADV,_,Degree=Pos,_,_,_,@yad1986m-words#@yad1986m#2393.091#2393.398
235,было,быть,AUX,_,Aspect=Imp|Gender=Neut|Mood=Ind|Number=Sing|Tense=Past|VerbForm=Fin|Voice=Act,_,_,_,@yad1986m-words#@yad1986m#2393.398#2393.705
236,ехать,ехать,VERB,_,Aspect=Imp|VerbForm=Inf|Voice=Act,_,_,_,@yad1986m-words#@yad1986m#2393.705#2394.012
237,?,?,PUNCT,_,_,_,_,_,@yad1986m-words#@yad1986m#2394.012#2394.32
238,вы,вы,PRON,_,Case=Nom|Number=Plur|Person=2,_,_,_,@yad1986m-words#@yad1986m#2394.98#2395.242
239,не,не,PART,_,_,_,_,_,@yad1986m-words#@yad1986m#2395.242#2395.504
240,любите,любить,VERB,_,Aspect=Imp|Mood=Ind|Number=Plur|Person=2|Tense=Pres|VerbForm=Fin|Voice=Act,_,_,_,@yad1986m-words#@yad1986m#2395.504#2395.766
241,эту,этот,DET,_,Case=Acc|Gender=Fem|Number=Sing,_,_,_,@yad1986m-words#@yad1986m#2395.766#2396.028
242,страну,страна,NOUN,_,Animacy=Inan|Case=Acc|Gender=Fem|Number=Sing,_,_,_,@yad1986m-words#@yad1986m#2396.028#2396.29
243,вы,вы,PRON,_,Case=Nom|Number=Plur|Person=2,_,_,_,@yad1986m-words#@yad1986m#2396.7#2396.968
244,не,не,PART,_,_,_,_,_,@yad1986m-words#@yad1986m#2396.968#2397.236
245,любите,любить,VERB,_,Aspect=Imp|Mood=Ind|Number=Plur|Person=2|Tense=Pres|VerbForm=Fin|Voice=Act,_,_,_,@yad1986m-words#@yad1986m#2397.236#2397.504
246,эту,этот,DET,_,Case=Acc|Gender=Fem|Number=Sing,_,_,_,@yad1986m-words#@yad1986m#2397.504#2397.772
247,нацию,нация,NOUN,_,Animacy=Inan|Case=Acc|Gender=Fem|Number=Sing,_,_,_,@yad1986m-words#@yad1986m#2397.772#2398.04
248,я,я,PRON,_,Case=Nom|Number=Sing|Person=1,_,_,_,@yad1986m-words#@yad1986m#2398.35#2398.696
249,отчасти,отчасти,ADV,_,Degree=Pos,_,_,_,@yad1986m-words#@yad1986m#2398.696#2399.042
250,понимаю,понимать,VERB,_,Aspect=Imp|Mood=Ind|Number=Sing|Person=1|Tense=Pres|VerbForm=Fin|Voice=Act,_,_,_,@yad1986m-words#@yad1986m#2399.042#2399.39
251,но,но,CCONJ,_,_,_,_,_,@yad1986m-words#@yad1986m#2399.87#2400.157
252,/,/,PUNCT,_,_,_,_,_,@yad1986m-words#@yad1986m#2400.157#2400.444
253,зачем,зачем,ADV,_,Degree=Pos,_,_,_,@yad1986m-words#@yad1986m#2400.444#2400.731
254,б...,б...,PROPN,_,Animacy=Anim|Case=Dat|Gender=Fem|Number=Sing,_,_,_,@yad1986m-words#@yad1986m#2400.731#2401.018
255,было,быть,AUX,_,Aspect=Imp|Gender=Neut|Mood=Ind|Number=Sing|Tense=Past|VerbForm=Fin|Voice=Act,_,_,_,@yad1986m-words#@yad1986m#2401.018#2401.305
256,браться,брать,VERB,_,Aspect=Imp|VerbForm=Inf|Voice=Mid,_,_,_,@yad1986m-words#@yad1986m#2401.305#2401.592
257,?,?,PUNCT,_,_,_,_,_,@yad1986m-words#@yad1986m#2401.592#2401.88
258,любовь,любовь,NOUN,_,Animacy=Inan|Case=Nom|Gender=Fem|Number=Sing,_,_,_,@yad1986m-words#@yad1986m#2464.03#2464.292
259,помогает,помогать,VERB,_,Aspect=Imp|Mood=Ind|Number=Sing|Person=3|Tense=Pres|VerbForm=Fin|Voice=Act,_,_,_,@yad1986m-words#@yad1986m#2464.292#2464.554
260,расцветать,расцветать,VERB,_,Aspect=Imp|VerbForm=Inf|Voice=Act,_,_,_,@yad1986m-words#@yad1986m#2464.554#2464.816
261,/,/,PUNCT,_,_,_,_,_,@yad1986m-words#@yad1986m#2464.816#2465.078
262,в,в,ADP,_,_,_,_,_,@yad1986m-words#@yad1986m#2465.078#2465.34
263,том,тот,DET,_,Case=Loc|Gender=Neut|Number=Sing,_,_,_,@yad1986m-words#@yad1986m#2465.34#2465.602
264,числе,число,NOUN,_,Animacy=Inan|Case=Loc|Gender=Neut|Number=Sing,_,_,_,@yad1986m-words#@yad1986m#2465.602#2465.864
265,и,и,PART,_,_,_,_,_,@yad1986m-words#@yad1986m#2465.864#2466.126
266,картинке,картинка,NOUN,_,Animacy=Anim|Case=Dat|Gender=Fem|Number=Sing,_,_,_,@yad1986m-words#@yad1986m#2466.126#2466.388
267,/,/,PUNCT,_,_,_,_,_,@yad1986m-words#@yad1986m#2466.388#2466.65
268,если,если,SCONJ,_,_,_,_,_,@yad1986m-words#@yad1986m#2466.65#2466.912
269,это,это,PRON,_,Animacy=Inan|Case=Nom|Gender=Neut|Number=Sing,_,_,_,@yad1986m-words#@yad1986m#2466.912#2467.174
270,не,не,PART,_,_,_,_,_,@yad1986m-words#@yad1986m#2467.174#2467.436
271,любовь,любовь,NOUN,_,Animacy=Inan|Case=Nom|Gender=Fem|Number=Sing,_,_,_,@yad1986m-words#@yad1986m#2467.436#2467.698
272,к,к,ADP,_,_,_,_,_,@yad1986m-words#@yad1986m#2467.698#2467.96
273,Дмитрию,Дмитрий,PROPN,_,Animacy=Anim|Case=Dat|Gender=Masc|Number=Sing,_,_,_,@yad1986m-words#@yad1986m#2467.96#2468.222
274,Медведеву,Медведев,PROPN,_,Animacy=Anim|Case=Dat|Gender=Masc|Number=Sing,_,_,_,@yad1986m-words#@yad1986m#2468.222#2468.484
275,/,/,PUNCT,_,_,_,_,_,@yad1986m-words#@yad1986m#2468.484#2468.746
276,или,или,CCONJ,_,_,_,_,_,@yad1986m-words#@yad1986m#2468.746#2469.008
277,там,там,ADV,_,Degree=Pos,_,_,_,@yad1986m-words#@yad1986m#2469.008#2469.27
278,Владимиру,Владимир,PROPN,_,Animacy=Anim|Case=Dat|Gender=Masc|Number=Sing,_,_,_,@yad1986m-words#@yad1986m#2469.27#2469.532
279,Путину,Путин,PROPN,_,Animacy=Anim|Case=Dat|Gender=Masc|Number=Sing,_,_,_,@yad1986m-words#@yad1986m#2469.532#2469.81
280,как,как,SCONJ,_,_,_,_,_,@yad1986m-words#@yad1986m#2469.81#2470.012
281,у,у,ADP,_,_,_,_,_,@yad1986m-words#@yad1986m#2470.012#2470.214
282,некоторых,некоторый,DET,_,Case=Gen|Number=Plur,_,_,_,@yad1986m-words#@yad1986m#2470.214#2470.416
283,ваших,ваш,DET,_,Case=Gen|Number=Plur,_,_,_,@yad1986m-words#@yad1986m#2470.416#2470.618
284,коллег,коллега,NOUN,_,Animacy=Anim|Case=Gen|Gender=Masc|Number=Plur,_,_,_,@yad1986m-words#@yad1986m#2470.618#2470.82
285,/,/,PUNCT,_,_,_,_,_,@yad1986m-words#@yad1986m#2470.82#2471.022
286,когда,когда,SCONJ,_,_,_,_,_,@yad1986m-words#@yad1986m#2471.022#2471.224
287,они,они,PRON,_,Case=Nom|Number=Plur|Person=3,_,_,_,@yad1986m-words#@yad1986m#2471.224#2471.426
288,приходят,приходить,VERB,_,Aspect=Imp|Mood=Ind|Number=Plur|Person=3|Tense=Pres|VerbForm=Fin|Voice=Act,_,_,_,@yad1986m-words#@yad1986m#2471.426#2471.628
289,к,к,ADP,_,_,_,_,_,@yad1986m-words#@yad1986m#2471.628#2471.83
290,нему,он,PRON,_,Case=Dat|Gender=Masc|Number=Sing|Person=3,_,_,_,@yad1986m-words#@yad1986m#2471.83#2472.032
291,на,на,ADP,_,_,_,_,_,@yad1986m-words#@yad1986m#2472.032#2472.24
292,интервью,интервью,NOUN,_,Animacy=Inan|Case=Acc|Gender=Neut|Number=Sing,_,_,_,@yad1986m-words#@yad1986m#2472.24#2473.24
293,эээ,эээ,NOUN,_,Animacy=Inan|Case=Gen|Gender=Fem|Number=Sing,_,_,_,@yad1986m-words#@yad1986m#2473.86#2474.37
294,да,да,CCONJ,_,_,_,_,_,@yad1986m-words#@yad1986m#2474.49#2475.21
295,#цокает#,#цокает#,NOUN,_,Animacy=Inan|Case=Gen|Gender=Fem|Number=Sing,_,_,_,@yad1986m-words#@yad1986m#2475.54#2475.95
296,тогда,тогда,ADV,_,Degree=Pos,_,_,_,@yad1986m-words#@yad1986m#2482.05#2482.34
297,пару,пара,NOUN,_,Animacy=Inan|Case=Acc|Gender=Fem|Number=Sing,_,_,_,@yad1986m-words#@yad1986m#2482.34#2482.63
298,уточнений,уточнение,NOUN,_,Animacy=Inan|Case=Gen|Gender=Neut|Number=Plur,_,_,_,@yad1986m-words#@yad1986m#2482.63#2482.92
299,/,/,PUNCT,_,_,_,_,_,@yad1986m-words#@yad1986m#2482.92#2483.21
300,если,если,SCONJ,_,_,_,_,_,@yad1986m-words#@yad1986m#2483.21#2483.5
301,позволите,позволить,VERB,_,Aspect=Perf|Mood=Ind|Number=Plur|Person=2|Tense=Fut|VerbForm=Fin|Voice=Act,_,_,_,@yad1986m-words#@yad1986m#2483.5#2483.79
302,цитата,цитата,NOUN,_,Animacy=Inan|Case=Gen|Gender=Masc|Number=Sing,_,_,_,@yad1986m-words#@yad1986m#2483.85#2484.42
303,я,я,PRON,_,Case=Nom|Number=Sing|Person=1,_,_,_,@yad1986m-words#@yad1986m#2484.66#2484.874
304,не,не,PART,_,_,_,_,_,@yad1986m-words#@yad1986m#2484.874#2485.088
305,хоте…,хоте…,PUNCT,_,_,_,_,_,@yad1986m-words#@yad1986m#2485.088#2485.302
306,эт,эт,NOUN,_,Animacy=Inan|Case=Dat|Gender=Masc|Number=Sing,_,_,_,@yad1986m-words#@yad1986m#2485.302#2485.516
307,прям,пре,NOUN,_,Animacy=Anim|Case=Dat|Gender=Masc|Number=Plur,_,_,_,@yad1986m-words#@yad1986m#2485.516#2485.73
308,/,/,PUNCT,_,_,_,_,_,@yad1986m-words#@yad1986m#2485.73#2485.944
309,из,из,ADP,_,_,_,_,_,@yad1986m-words#@yad1986m#2485.944#2486.158
310,вашего,ваш,DET,_,Case=Gen|Gender=Masc|Number=Sing,_,_,_,@yad1986m-words#@yad1986m#2486.158#2486.372
311,/,/,PUNCT,_,_,_,_,_,@yad1986m-words#@yad1986m#2486.372#2486.586
312,эм,эм,NOUN,_,Animacy=Inan|Case=Nom|Gender=Masc|Number=Sing,_,_,_,@yad1986m-words#@yad1986m#2486.586#2486.8
313,/,/,PUNCT,_,_,_,_,_,@yad1986m-words#@yad1986m#2486.8#2487.014
314,пока,пока,ADV,_,Degree=Pos,_,_,_,@yad1986m-words#@yad1986m#2487.014#2487.228
315,вы,вы,PRON,_,Case=Nom|Number=Plur|Person=2,_,_,_,@yad1986m-words#@yad1986m#2487.228#2487.442
316,едете,ехать,VERB,_,Aspect=Imp|Mood=Ind|Number=Plur|Person=2|Tense=Pres|VerbForm=Fin|Voice=Act,_,_,_,@yad1986m-words#@yad1986m#2487.442#2487.656
317,за,за,ADP,_,_,_,_,_,@yad1986m-words#@yad1986m#2487.656#2487.87
318,рулем,руль,NOUN,_,Animacy=Inan|Case=Ins|Gender=Masc|Number=Sing,_,_,_,@yad1986m-words#@yad1986m#2487.87#2488.084
319,машины,машина,NOUN,_,Animacy=Inan|Case=Gen|Gender=Fem|Number=Sing,_,_,_,@yad1986m-words#@yad1986m#2488.084#2488.31
320,ээ,ээ,X,_,Foreign=Yes,_,_,_,@yad1986m-words#@yad1986m#2488.72#2488.967
321,/,/,PUNCT,_,_,_,_,_,@yad1986m-words#@yad1986m#2488.967#2489.214
322,я,я,PRON,_,Case=Nom|Number=Sing|Person=1,_,_,_,@yad1986m-words#@yad1986m#2489.214#2489.461
323,не,не,PART,_,_,_,_,_,@yad1986m-words#@yad1986m#2489.461#2489.708
324,хотел,хотеть,VERB,_,Aspect=Imp|Gender=Masc|Mood=Ind|Number=Sing|Tense=Past|VerbForm=Fin|Voice=Act,_,_,_,@yad1986m-words#@yad1986m#2489.708#2489.955
325,ехать,ехать,VERB,_,Aspect=Imp|VerbForm=Inf|Voice=Act,_,_,_,@yad1986m-words#@yad1986m#2489.955#2490.202
326,по,по,ADP,_,_,_,_,_,@yad1986m-words#@yad1986m#2490.202#2490.449
327,Германии,Германия,PROPN,_,Animacy=Inan|Case=Dat|Gender=Fem|Number=Sing,_,_,_,@yad1986m-words#@yad1986m#2490.449#2490.7
328,настолько,настолько,ADV,_,Degree=Pos,_,_,_,@yad1986m-words#@yad1986m#2491.26#2491.595
329,во,в,ADP,_,_,_,_,_,@yad1986m-words#@yad1986m#2491.595#2491.93
330,мне,я,PRON,_,Case=Loc|Number=Sing|Person=1,_,_,_,@yad1986m-words#@yad1986m#2491.93#2492.265
331,сидит,сидеть,VERB,_,Aspect=Imp|Mood=Ind|Number=Sing|Person=3|Tense=Pres|VerbForm=Fin|Voice=Act,_,_,_,@yad1986m-words#@yad1986m#2492.265#2492.6
332,память,память,NOUN,_,Animacy=Inan|Case=Acc|Gender=Fem|Number=Sing,_,_,_,@yad1986m-words#@yad1986m#2492.6#2492.935
333,и,и,CCONJ,_,_,_,_,_,@yad1986m-words#@yad1986m#2492.935#2493.27
334,обида,обида,NOUN,_,Animacy=Inan|Case=Gen|Gender=Masc|Number=Sing,_,_,_,@yad1986m-words#@yad1986m#2493.27#2493.61
335,за,за,ADP,_,_,_,_,_,@yad1986m-words#@yad1986m#2494.0#2494.272
336,войну,война,NOUN,_,Animacy=Inan|Case=Acc|Gender=Fem|Number=Sing,_,_,_,@yad1986m-words#@yad1986m#2494.272#2494.544
337,/,/,PUNCT,_,_,_,_,_,@yad1986m-words#@yad1986m#2494.544#2494.816
338,за,за,ADP,_,_,_,_,_,@yad1986m-words#@yad1986m#2494.816#2495.088
339,все,весь,DET,_,Case=Acc|Number=Plur,_,_,_,@yad1986m-words#@yad1986m#2495.088#2495.36
340,эти,этот,DET,_,Case=Acc|Number=Plur,_,_,_,@yad1986m-words#@yad1986m#2495.36#2495.632
341,концлагеря,концлагерь,NOUN,_,Animacy=Inan|Case=Acc|Gender=Masc|Number=Plur,_,_,_,@yad1986m-words#@yad1986m#2495.632#2495.91
342,#цокает#,#цокает#,NOUN,_,Animacy=Inan|Case=Gen|Gender=Fem|Number=Sing,_,_,_,@yad1986m-words#@yad1986m#2496.34#2496.57
343,ээ,ээ,INTJ,_,_,_,_,_,@yad1986m-words#@yad1986m#2497.1#2497.51
344,да,да,PART,_,_,_,_,_,@yad1986m-words#@yad1986m#2498.08#2498.27
345,/,/,PUNCT,_,_,_,_,_,@yad1986m-words#@yad1986m#2498.27#2498.46
346,я,я,PRON,_,Case=Nom|Number=Sing|Person=1,_,_,_,@yad1986m-words#@yad1986m#2498.46#2498.65
347,все,все,PART,_,_,_,_,_,@yad1986m-words#@yad1986m#2498.65#2498.84
348,понимаю,понимать,VERB,_,Aspect=Imp|Mood=Ind|Number=Sing|Person=1|Tense=Pres|VerbForm=Fin|Voice=Act,_,_,_,@yad1986m-words#@yad1986m#2498.84#2499.03
349,Владимир,Владимир,PROPN,_,Animacy=Anim|Case=Nom|Gender=Masc|Number=Sing,_,_,_,@yad1986m-words#@yad1986m#2499.03#2499.25
350,Владимирыч,Владимирыч,PROPN,_,Animacy=Anim|Case=Nom|Gender=Masc|Number=Sing,_,_,_,@yad1986m-words#@yad1986m#2499.25#2499.47
351,/,/,PUNCT,_,_,_,_,_,@yad1986m-words#@yad1986m#2499.47#2499.69
352,ээ,ээ,INTJ,_,_,_,_,_,@yad1986m-words#@yad1986m#2499.69#2499.91
353,/,/,PUNCT,_,_,_,_,_,@yad1986m-words#@yad1986m#2499.91#2500.13
354,но,но,CCONJ,_,_,_,_,_,@yad1986m-words#@yad1986m#2500.13#2500.35
355,вы,вы,PRON,_,Case=Nom|Number=Plur|Person=2,_,_,_,@yad1986m-words#@yad1986m#2501.18#2501.484
356,живете,жить,VERB,_,Aspect=Imp|Mood=Ind|Number=Plur|Person=2|Tense=Pres|VerbForm=Fin|Voice=Act,_,_,_,@yad1986m-words#@yad1986m#2501.484#2501.788
357,большую,больший,ADJ,_,Case=Acc|Degree=Pos|Gender=Fem|Number=Sing,_,_,_,@yad1986m-words#@yad1986m#2501.788#2502.092
358,часть,часть,NOUN,_,Animacy=Inan|Case=Acc|Gender=Fem|Number=Sing,_,_,_,@yad1986m-words#@yad1986m#2502.092#2502.396
359,жизни,жизнь,NOUN,_,Animacy=Inan|Case=Gen|Gender=Fem|Number=Sing,_,_,_,@yad1986m-words#@yad1986m#2502.396#2502.7
360,в,в,ADP,_,_,_,_,_,@yad1986m-words#@yad1986m#2502.7#2503.004
361,стране,страна,NOUN,_,Animacy=Inan|Case=Loc|Gender=Fem|Number=Sing,_,_,_,@yad1986m-words#@yad1986m#2503.004#2503.31
362,где,где,ADV,_,Degree=Pos,_,_,_,@yad1986m-words#@yad1986m#2504.09#2504.393
363,в,в,ADP,_,_,_,_,_,@yad1986m-words#@yad1986m#2504.393#2504.696
364,общем-то,общей-то,DET,_,Case=Loc|Gender=Masc|Number=Sing,_,_,_,@yad1986m-words#@yad1986m#2504.696#2504.999
365,были,быть,VERB,_,Aspect=Imp|Mood=Ind|Number=Plur|Tense=Past|VerbForm=Fin|Voice=Act,_,_,_,@yad1986m-words#@yad1986m#2504.999#2505.302
366,свои,свой,DET,_,Case=Acc|Number=Plur,_,_,_,@yad1986m-words#@yad1986m#2505.302#2505.605
367,концлагеря,концлагерь,NOUN,_,Animacy=Inan|Case=Acc|Gender=Masc|Number=Plur,_,_,_,@yad1986m-words#@yad1986m#2505.605#2505.91
368,где,где,ADV,_,Degree=Pos,_,_,_,@yad1986m-words#@yad1986m#2506.33#2506.643
369,был,быть,AUX,_,Aspect=Imp|Gender=Masc|Mood=Ind|Number=Sing|Tense=Past|VerbForm=Fin|Voice=Act,_,_,_,@yad1986m-words#@yad1986m#2506.643#2506.956
370,гулаг,гулаг,NOUN,_,Animacy=Inan|Case=Nom|Gender=Masc|Number=Sing,_,_,_,@yad1986m-words#@yad1986m#2506.956#2507.27
371,где,где,ADV,_,Degree=Pos,_,_,_,@yad1986m-words#@yad1986m#2507.84#2508.117
372,миллионы,миллион,NOUN,_,Animacy=Inan|Case=Nom|Gender=Masc|Number=Plur,_,_,_,@yad1986m-words#@yad1986m#2508.117#2508.394
373,наших,наш,DET,_,Case=Gen|Number=Plur,_,_,_,@yad1986m-words#@yad1986m#2508.394#2508.671
374,с,с,ADP,_,_,_,_,_,@yad1986m-words#@yad1986m#2508.671#2508.948
375,вами,вы,PRON,_,Case=Ins|Number=Plur|Person=2,_,_,_,@yad1986m-words#@yad1986m#2508.948#2509.225
376,сограждан,согражданин,NOUN,_,Animacy=Anim|Case=Acc|Gender=Masc|Number=Plur,_,_,_,@yad1986m-words#@yad1986m#2509.225#2509.502
377,/,/,PUNCT,_,_,_,_,_,@yad1986m-words#@yad1986m#2509.502#2509.779
378,таким,такой,DET,_,Case=Ins|Gender=Masc|Number=Sing,_,_,_,@yad1986m-words#@yad1986m#2509.779#2510.056
379,же,же,PART,_,_,_,_,_,@yad1986m-words#@yad1986m#2510.056#2510.333
380,образом,образ,NOUN,_,Animacy=Inan|Case=Ins|Gender=Masc|Number=Sing,_,_,_,@yad1986m-words#@yad1986m#2510.333#2510.61
381,были,быть,AUX,_,Aspect=Imp|Mood=Ind|Number=Plur|Tense=Past|VerbForm=Fin|Voice=Act,_,_,_,@yad1986m-words#@yad1986m#2510.61#2510.887
382,погублены,губить,VERB,_,Aspect=Perf|Number=Plur|Tense=Past|Variant=Short|VerbForm=Part|Voice=Pass,_,_,_,@yad1986m-words#@yad1986m#2510.887#2511.164
383,/,/,PUNCT,_,_,_,_,_,@yad1986m-words#@yad1986m#2511.164#2511.441
384,как,как,SCONJ,_,_,_,_,_,@yad1986m-words#@yad1986m#2511.441#2511.718
385,и,и,PART,_,_,_,_,_,@yad1986m-words#@yad1986m#2511.718#2511.995
386,/,/,PUNCT,_,_,_,_,_,@yad1986m-words#@yad1986m#2511.995#2512.272
387,ну,ну,PART,_,_,_,_,_,@yad1986m-words#@yad1986m#2512.272#2512.549
388,/,/,PUNCT,_,_,_,_,_,@yad1986m-words#@yad1986m#2512.549#2512.826
389,не,не,PART,_,_,_,_,_,@yad1986m-words#@yad1986m#2512.826#2513.103
390,таким,такой,DET,_,Case=Ins|Gender=Masc|Number=Sing,_,_,_,@yad1986m-words#@yad1986m#2513.103#2513.38
391,же,же,PART,_,_,_,_,_,@yad1986m-words#@yad1986m#2513.38#2513.657
392,образом,образ,NOUN,_,Animacy=Inan|Case=Ins|Gender=Masc|Number=Sing,_,_,_,@yad1986m-words#@yad1986m#2513.657#2513.934
393,/,/,PUNCT,_,_,_,_,_,@yad1986m-words#@yad1986m#2513.934#2514.211
394,но,но,CCONJ,_,_,_,_,_,@yad1986m-words#@yad1986m#2514.211#2514.488
395,были,быть,AUX,_,Aspect=Imp|Mood=Ind|Number=Plur|Tense=Past|VerbForm=Fin|Voice=Act,_,_,_,@yad1986m-words#@yad1986m#2514.488#2514.765
396,погублены,губить,VERB,_,Aspect=Perf|Number=Plur|Tense=Past|Variant=Short|VerbForm=Part|Voice=Pass,_,_,_,@yad1986m-words#@yad1986m#2514.765#2515.06
397,аа,ао,NOUN,_,Animacy=Inan|Case=Nom|Gender=Fem|Number=Sing,_,_,_,@yad1986m-words#@yad1986m#2515.47#2515.805
398,к…,к…,PUNCT,_,_,_,_,_,@yad1986m-words#@yad1986m#2515.805#2516.14
399,в,в,ADP,_,_,_,_,_,@yad1986m-words#@yad1986m#2516.14#2516.475
400,чем,что,PRON,_,Case=Loc,_,_,_,@yad1986m-words#@yad1986m#2516.475#2516.81
401,разница,разница,NOUN,_,Animacy=Inan|Case=Nom|Gender=Fem|Number=Sing,_,_,_,@yad1986m-words#@yad1986m#2516.81#2517.145
402,тогда,тогда,ADV,_,Degree=Pos,_,_,_,@yad1986m-words#@yad1986m#2517.145#2517.48
403,?,?,PUNCT,_,_,_,_,_,@yad1986m-words#@yad1986m#2517.48#2517.82
404,почему,почему,ADV,_,Degree=Pos,_,_,_,@yad1986m-words#@yad1986m#2517.88#2518.133
405,вы,вы,PRON,_,Case=Nom|Number=Plur|Person=2,_,_,_,@yad1986m-words#@yad1986m#2518.133#2518.386
406,не,не,PART,_,_,_,_,_,@yad1986m-words#@yad1986m#2518.386#2518.639
407,чувствуете,чувствовать,VERB,_,Aspect=Imp|Mood=Ind|Number=Plur|Person=2|Tense=Pres|VerbForm=Fin|Voice=Act,_,_,_,@yad1986m-words#@yad1986m#2518.639#2518.892
408,этого,этот,DET,_,Case=Gen|Gender=Neut|Number=Sing,_,_,_,@yad1986m-words#@yad1986m#2518.892#2519.145
409,неприятия,неприятие,NOUN,_,Animacy=Inan|Case=Gen|Gender=Neut|Number=Sing,_,_,_,@yad1986m-words#@yad1986m#2519.145#2519.398
410,обиды,обида,NOUN,_,Animacy=Inan|Case=Gen|Gender=Fem|Number=Sing,_,_,_,@yad1986m-words#@yad1986m#2519.398#2519.651
411,/,/,PUNCT,_,_,_,_,_,@yad1986m-words#@yad1986m#2519.651#2519.904
412,находясь,находиться,VERB,_,Aspect=Imp|Tense=Pres|VerbForm=Conv|Voice=Mid,_,_,_,@yad1986m-words#@yad1986m#2519.904#2520.157
413,здесь,здесь,ADV,_,Degree=Pos,_,_,_,@yad1986m-words#@yad1986m#2520.157#2520.41
414,/,/,PUNCT,_,_,_,_,_,@yad1986m-words#@yad1986m#2520.41#2520.663
415,находясь,находиться,VERB,_,Aspect=Imp|Tense=Pres|VerbForm=Conv|Voice=Mid,_,_,_,@yad1986m-words#@yad1986m#2520.663#2520.916
416,у,у,ADP,_,_,_,_,_,@yad1986m-words#@yad1986m#2520.916#2521.169
417,нас,мы,PRON,_,Case=Gen|Number=Plur|Person=1,_,_,_,@yad1986m-words#@yad1986m#2521.169#2521.422
418,?,?,PUNCT,_,_,_,_,_,@yad1986m-words#@yad1986m#2521.422#2521.68
419,ведь,ведь,SCONJ,_,_,_,_,_,@yad1986m-words#@yad1986m#2522.29#2522.558
420,по,по,ADP,_,_,_,_,_,@yad1986m-words#@yad1986m#2522.558#2522.826
421,сути,суть,NOUN,_,Animacy=Inan|Case=Dat|Gender=Fem|Number=Sing,_,_,_,@yad1986m-words#@yad1986m#2522.826#2523.094
422,/,/,PUNCT,_,_,_,_,_,@yad1986m-words#@yad1986m#2523.094#2523.362
423,почва,почва,NOUN,_,Animacy=Inan|Case=Nom|Gender=Fem|Number=Sing,_,_,_,@yad1986m-words#@yad1986m#2523.362#2523.63
424,та,тот,DET,_,Case=Nom|Gender=Fem|Number=Sing,_,_,_,@yad1986m-words#@yad1986m#2523.63#2523.898
425,же,же,PART,_,_,_,_,_,@yad1986m-words#@yad1986m#2523.898#2524.166
426,/,/,PUNCT,_,_,_,_,_,@yad1986m-words#@yad1986m#2524.166#2524.434
427,только,только,PART,_,_,_,_,_,@yad1986m-words#@yad1986m#2524.434#2524.702
428,чуть-чуть,чуть-чуть,PART,_,_,_,_,_,@yad1986m-words#@yad1986m#2524.702#2524.97
429,по-другому,по-другому,ADV,_,Degree=Pos,_,_,_,@yad1986m-words#@yad1986m#2524.97#2525.24
430,ага,ага,NOUN,_,Animacy=Inan|Case=Gen|Gender=Masc|Number=Sing,_,_,_,@yad1986m-words#@yad1986m#2558.22#2558.66
431,ой,ой,NOUN,_,Animacy=Inan|Case=Ins|Gender=Fem|Number=Sing,_,_,_,@yad1986m-words#@yad1986m#2612.68#2613.11
432,ага,ага,NOUN,_,Animacy=Inan|Case=Gen|Gender=Masc|Number=Sing,_,_,_,@yad1986m-words#@yad1986m#2623.0#2623.41
433,тогда,тогда,ADV,_,Degree=Pos,_,_,_,@yad1986m-words#@yad1986m#2624.05#2624.305
434,еще,еще,ADV,_,Degree=Pos,_,_,_,@yad1986m-words#@yad1986m#2624.305#2624.56
435,одна,один,NUM,_,Case=Nom|Gender=Fem,_,_,_,@yad1986m-words#@yad1986m#2624.56#2624.815
436,цитата,цитата,NOUN,_,Animacy=Inan|Case=Nom|Gender=Fem|Number=Sing,_,_,_,@yad1986m-words#@yad1986m#2624.815#2625.07
437,#цокает#,#цокает#,NOUN,_,Animacy=Inan|Case=Gen|Gender=Fem|Number=Sing,_,_,_,@yad1986m-words#@yad1986m#2625.48#2625.651
438,/,/,PUNCT,_,_,_,_,_,@yad1986m-words#@yad1986m#2625.651#2625.822
439,пардон,пардон,NOUN,_,Animacy=Inan|Case=Nom|Gender=Masc|Number=Sing,_,_,_,@yad1986m-words#@yad1986m#2625.822#2625.993
440,/,/,PUNCT,_,_,_,_,_,@yad1986m-words#@yad1986m#2625.993#2626.164
441,что,что,SCONJ,_,_,_,_,_,@yad1986m-words#@yad1986m#2626.164#2626.335
442,она,она,PRON,_,Case=Nom|Gender=Fem|Number=Sing|Person=3,_,_,_,@yad1986m-words#@yad1986m#2626.335#2626.506
443,длинная,длинный,ADJ,_,Case=Nom|Degree=Pos|Gender=Fem|Number=Sing,_,_,_,@yad1986m-words#@yad1986m#2626.506#2626.68
444,да,да,CCONJ,_,_,_,_,_,@vvp1934m-words#@vvp1934m#2315.42#2315.79
445,да,да,PART,_,_,_,_,_,@vvp1934m-words#@vvp1934m#2316.34#2316.62
446,да,да,PART,_,_,_,_,_,@vvp1934m-words#@vvp1934m#2317.72#2318.72
447,нет,нет,VERB,_,Aspect=Imp|Mood=Ind|Number=Sing|Person=3|Tense=Pres|VerbForm=Fin|Voice=Act,_,_,_,@vvp1934m-words#@vvp1934m#2324.06#2324.67
448,не,не,PART,_,_,_,_,_,@vvp1934m-words#@vvp1934m#2325.89#2326.485
449,согласен,согласный,ADJ,_,Degree=Pos|Gender=Masc|Number=Sing|Variant=Short,_,_,_,@vvp1934m-words#@vvp1934m#2326.485#2327.08
450,а,а,CCONJ,_,_,_,_,_,@vvp1934m-words#@vvp1934m#2327.71#2328.043
451,почему,почему,ADV,_,Degree=Pos,_,_,_,@vvp1934m-words#@vvp1934m#2328.043#2328.376
452,?,?,PUNCT,_,_,_,_,_,@vvp1934m-words#@vvp1934m#2328.376#2328.71
453,почему,почему,ADV,_,Degree=Pos,_,_,_,@vvp1934m-words#@vvp1934m#2328.91#2329.172
454,это,это,PRON,_,Animacy=Inan|Case=Nom|Gender=Neut|Number=Sing,_,_,_,@vvp1934m-words#@vvp1934m#2329.172#2329.434
455,провал,провать,NOUN,_,Animacy=Inan|Case=Nom|Gender=Masc|Number=Sing,_,_,_,@vvp1934m-words#@vvp1934m#2329.434#2329.696
456,?,?,PUNCT,_,_,_,_,_,@vvp1934m-words#@vvp1934m#2329.696#2329.96
457,да,да,CCONJ,_,_,_,_,_,@vvp1934m-words#@vvp1934m#2332.76#2333.05
458,понимаю,понимать,VERB,_,Aspect=Imp|Mood=Ind|Number=Sing|Person=1|Tense=Pres|VerbForm=Fin|Voice=Act,_,_,_,@vvp1934m-words#@vvp1934m#2335.1#2335.6
459,да,да,PART,_,_,_,_,_,@vvp1934m-words#@vvp1934m#2359.28#2359.7
460,почему,почему,ADV,_,Degree=Pos,_,_,_,@vvp1934m-words#@vvp1934m#2363.33#2363.61
461,двух,два,NUM,_,Case=Gen,_,_,_,@vvp1934m-words#@vvp1934m#2363.61#2363.89
462,?,?,PUNCT,_,_,_,_,_,@vvp1934m-words#@vvp1934m#2363.89#2364.17
463,там,там,ADV,_,Degree=Pos,_,_,_,@vvp1934m-words#@vvp1934m#2364.88#2365.133
464,же,же,PART,_,_,_,_,_,@vvp1934m-words#@vvp1934m#2365.133#2365.386
465,было,быть,AUX,_,Aspect=Imp|Gender=Neut|Mood=Ind|Number=Sing|Tense=Past|VerbForm=Fin|Voice=Act,_,_,_,@vvp1934m-words#@vvp1934m#2365.386#2365.639
466,не,не,PART,_,_,_,_,_,@vvp1934m-words#@vvp1934m#2365.639#2365.892
467,дв…,дв…,PUNCT,_,_,_,_,_,@vvp1934m-words#@vvp1934m#2365.892#2366.145
468,две,два,NUM,_,Case=Nom|Gender=Fem,_,_,_,@vvp1934m-words#@vvp1934m#2366.145#2366.398
469,серии,серия,NOUN,_,Animacy=Inan|Case=Gen|Gender=Fem|Number=Sing,_,_,_,@vvp1934m-words#@vvp1934m#2366.398#2366.651
470,/,/,PUNCT,_,_,_,_,_,@vvp1934m-words#@vvp1934m#2366.651#2366.904
471,там,там,ADV,_,Degree=Pos,_,_,_,@vvp1934m-words#@vvp1934m#2366.904#2367.157
472,было,быть,VERB,_,Aspect=Imp|Gender=Neut|Mood=Ind|Number=Sing|Tense=Past|VerbForm=Fin|Voice=Act,_,_,_,@vvp1934m-words#@vvp1934m#2367.157#2367.41
473,/,/,PUNCT,_,_,_,_,_,@vvp1934m-words#@vvp1934m#2367.41#2367.663
474,восемь,восемь,NUM,_,Case=Nom,_,_,_,@vvp1934m-words#@vvp1934m#2367.663#2367.916
475,серий,серия,NOUN,_,Animacy=Inan|Case=Gen|Gender=Fem|Number=Plur,_,_,_,@vvp1934m-words#@vvp1934m#2367.916#2368.18
476,#смеется#,#смеется#,NOUN,_,Animacy=Inan|Case=Gen|Gender=Fem|Number=Sing,_,_,_,@vvp1934m-words#@vvp1934m#2370.9#2373.36
477,ну,ну,PART,_,_,_,_,_,@vvp1934m-words#@vvp1934m#2374.46#2374.612
478,/,/,PUNCT,_,_,_,_,_,@vvp1934m-words#@vvp1934m#2374.612#2374.764
479,ну,ну,PART,_,_,_,_,_,@vvp1934m-words#@vvp1934m#2374.764#2374.916
480,/,/,PUNCT,_,_,_,_,_,@vvp1934m-words#@vvp1934m#2374.916#2375.068
481,да,да,PART,_,_,_,_,_,@vvp1934m-words#@vvp1934m#2375.068#2375.22
482,да,да,PART,_,_,_,_,_,@vvp1934m-words#@vvp1934m#2375.22#2375.475
483,/,/,PUNCT,_,_,_,_,_,@vvp1934m-words#@vvp1934m#2375.475#2375.73
484,да,да,PART,_,_,_,_,_,@vvp1934m-words#@vvp1934m#2375.73#2375.985
485,[нрзб],[нрзб],PUNCT,_,_,_,_,_,@vvp1934m-words#@vvp1934m#2375.985#2376.24
486,/,/,PUNCT,_,_,_,_,_,@vvp1934m-words#@vvp1934m#2376.24#2376.495
487,да,да,CCONJ,_,_,_,_,_,@vvp1934m-words#@vvp1934m#2376.495#2376.75
488,да,да,PART,_,_,_,_,_,@vvp1934m-words#@vvp1934m#2397.83#2398.163
489,/,/,PUNCT,_,_,_,_,_,@vvp1934m-words#@vvp1934m#2398.163#2398.496
490,да,да,PART,_,_,_,_,_,@vvp1934m-words#@vvp1934m#2398.496#2398.83
491,#цокает#,#цокает#,NOUN,_,Animacy=Inan|Case=Gen|Gender=Fem|Number=Sing,_,_,_,@vvp1934m-words#@vvp1934m#2402.91#2403.24
492,/,/,PUNCT,_,_,_,_,_,@vvp1934m-words#@vvp1934m#2403.24#2403.57
493,вы,вы,PRON,_,Case=Nom|Number=Plur|Person=2,_,_,_,@vvp1934m-words#@vvp1934m#2403.57#2403.9
494,знаете,знать,VERB,_,Aspect=Imp|Mood=Ind|Number=Plur|Person=2|Tense=Pres|VerbForm=Fin|Voice=Act,_,_,_,@vvp1934m-words#@vvp1934m#2403.9#2404.23
495,#цокает#,#цокает#,NOUN,_,Animacy=Inan|Case=Gen|Gender=Fem|Number=Sing,_,_,_,@vvp1934m-words#@vvp1934m#2406.26#2406.54
496,ээ,ээ,NOUN,_,Case=Gen|Degree=Pos|Gender=Fem|Number=Sing,_,_,_,@vvp1934m-words#@vvp1934m#2406.58#2406.906
497,я,я,PRON,_,Case=Nom|Number=Sing|Person=1,_,_,_,@vvp1934m-words#@vvp1934m#2406.906#2407.232
498,хотел,хотеть,VERB,_,Aspect=Imp|Gender=Masc|Mood=Ind|Number=Sing|Tense=Past|VerbForm=Fin|Voice=Act,_,_,_,@vvp1934m-words#@vvp1934m#2407.232#2407.558
499,это,это,PRON,_,Animacy=Inan|Case=Acc|Gender=Neut|Number=Sing,_,_,_,@vvp1934m-words#@vvp1934m#2407.558#2407.884
500,сделать,делать,VERB,_,Aspect=Perf|VerbForm=Inf|Voice=Act,_,_,_,@vvp1934m-words#@vvp1934m#2407.884#2408.21
501,/,/,PUNCT,_,_,_,_,_,@vvp1934m-words#@vvp1934m#2408.21#2408.536
502,и,и,CCONJ,_,_,_,_,_,@vvp1934m-words#@vvp1934m#2408.536#2408.862
503,мне,я,PRON,_,Case=Dat|Number=Sing|Person=1,_,_,_,@vvp1934m-words#@vvp1934m#2408.862#2409.188
504,было,быть,AUX,_,Aspect=Imp|Gender=Neut|Mood=Ind|Number=Sing|Tense=Past|VerbForm=Fin|Voice=Act,_,_,_,@vvp1934m-words#@vvp1934m#2409.188#2409.514
505,интересно,интересный,ADJ,_,Degree=Pos|Gender=Neut|Number=Sing|Variant=Short,_,_,_,@vvp1934m-words#@vvp1934m#2409.514#2409.84
506,понять,понять,VERB,_,Aspect=Perf|VerbForm=Inf|Voice=Act,_,_,_,@vvp1934m-words#@vvp1934m#2409.84#2410.166
507,/,/,PUNCT,_,_,_,_,_,@vvp1934m-words#@vvp1934m#2410.166#2410.492
508,насколько,насколько,ADV,_,Degree=Pos,_,_,_,@vvp1934m-words#@vvp1934m#2410.492#2410.818
509,/,/,PUNCT,_,_,_,_,_,@vvp1934m-words#@vvp1934m#2410.818#2411.144
510,я,я,PRON,_,Case=Nom|Number=Sing|Person=1,_,_,_,@vvp1934m-words#@vvp1934m#2411.144#2411.47
511,смогу,мочь,VERB,_,Aspect=Perf|Mood=Ind|Number=Sing|Person=1|Tense=Fut|VerbForm=Fin|Voice=Act,_,_,_,@vvp1934m-words#@vvp1934m#2411.47#2411.796
512,это,это,PRON,_,Animacy=Inan|Case=Acc|Gender=Neut|Number=Sing,_,_,_,@vvp1934m-words#@vvp1934m#2411.796#2412.122
513,сделать,делать,VERB,_,Aspect=Perf|VerbForm=Inf|Voice=Act,_,_,_,@vvp1934m-words#@vvp1934m#2412.122#2412.45
514,ээ,ээ,INTJ,_,_,_,_,_,@vvp1934m-words#@vvp1934m#2413.09#2413.38
515,потому,потому,ADV,_,Degree=Pos,_,_,_,@vvp1934m-words#@vvp1934m#2413.38#2413.67
516,что,что,SCONJ,_,_,_,_,_,@vvp1934m-words#@vvp1934m#2413.67#2413.96
517,мое,мой,DET,_,Case=Nom|Gender=Neut|Number=Sing,_,_,_,@vvp1934m-words#@vvp1934m#2413.96#2414.25
518,отношение,отношение,NOUN,_,Animacy=Inan|Case=Nom|Gender=Neut|Number=Sing,_,_,_,@vvp1934m-words#@vvp1934m#2414.25#2414.54
519,к,к,ADP,_,_,_,_,_,@vvp1934m-words#@vvp1934m#2414.54#2414.83
520,Германии,Германия,PROPN,_,Animacy=Inan|Case=Dat|Gender=Fem|Number=Sing,_,_,_,@vvp1934m-words#@vvp1934m#2414.83#2415.12
521,и,и,CCONJ,_,_,_,_,_,@vvp1934m-words#@vvp1934m#2415.12#2415.41
522,к,к,ADP,_,_,_,_,_,@vvp1934m-words#@vvp1934m#2415.41#2415.7
523,немцам,немец,NOUN,_,Animacy=Anim|Case=Dat|Gender=Masc|Number=Plur,_,_,_,@vvp1934m-words#@vvp1934m#2415.7#2415.99
524,/,/,PUNCT,_,_,_,_,_,@vvp1934m-words#@vvp1934m#2415.99#2416.28
525,это,это,PRON,_,_,_,_,_,@vvp1934m-words#@vvp1934m#2416.28#2416.57
526,моя,мой,DET,_,Case=Nom|Gender=Fem|Number=Sing,_,_,_,@vvp1934m-words#@vvp1934m#2416.57#2416.86
527,проблема,проблема,NOUN,_,Animacy=Inan|Case=Nom|Gender=Fem|Number=Sing,_,_,_,@vvp1934m-words#@vvp1934m#2416.86#2417.15
528,/,/,PUNCT,_,_,_,_,_,@vvp1934m-words#@vvp1934m#2417.15#2417.44
529,а,а,CCONJ,_,_,_,_,_,@vvp1934m-words#@vvp1934m#2417.44#2417.73
530,не,не,PART,_,_,_,_,_,@vvp1934m-words#@vvp1934m#2417.73#2418.02
531,их,их,DET,_,_,_,_,_,@vvp1934m-words#@vvp1934m#2418.02#2418.31
532,проблема,проблема,NOUN,_,Animacy=Inan|Case=Nom|Gender=Fem|Number=Sing,_,_,_,@vvp1934m-words#@vvp1934m#2418.31#2418.6
533,ээ,ээ,X,_,Foreign=Yes,_,_,_,@vvp1934m-words#@vvp1934m#2419.42#2419.689
534,тем,то,PRON,_,Animacy=Inan|Case=Ins|Gender=Neut|Number=Sing,_,_,_,@vvp1934m-words#@vvp1934m#2419.689#2419.958
535,более,более,ADV,_,Degree=Cmp,_,_,_,@vvp1934m-words#@vvp1934m#2419.958#2420.227
536,/,/,PUNCT,_,_,_,_,_,@vvp1934m-words#@vvp1934m#2420.227#2420.496
537,что,что,PRON,_,Case=Nom,_,_,_,@vvp1934m-words#@vvp1934m#2420.496#2420.765
538,там,там,ADV,_,Degree=Pos,_,_,_,@vvp1934m-words#@vvp1934m#2420.765#2421.034
539,живет,жить,VERB,_,Aspect=Imp|Mood=Ind|Number=Sing|Person=3|Tense=Pres|VerbForm=Fin|Voice=Act,_,_,_,@vvp1934m-words#@vvp1934m#2421.034#2421.303
540,/,/,PUNCT,_,_,_,_,_,@vvp1934m-words#@vvp1934m#2421.303#2421.572
541,э,эра,INTJ,_,_,_,_,_,@vvp1934m-words#@vvp1934m#2421.572#2421.841
542,/,/,PUNCT,_,_,_,_,_,@vvp1934m-words#@vvp1934m#2421.841#2422.11
543,важная,важный,ADJ,_,Case=Nom|Degree=Pos|Gender=Fem|Number=Sing,_,_,_,@vvp1934m-words#@vvp1934m#2422.11#2422.379
544,часть,часть,NOUN,_,Animacy=Inan|Case=Nom|Gender=Fem|Number=Sing,_,_,_,@vvp1934m-words#@vvp1934m#2422.379#2422.648
545,моей,мой,DET,_,Case=Gen|Gender=Fem|Number=Sing,_,_,_,@vvp1934m-words#@vvp1934m#2422.648#2422.917
546,семьи,семья,NOUN,_,Animacy=Inan|Case=Gen|Gender=Fem|Number=Sing,_,_,_,@vvp1934m-words#@vvp1934m#2422.917#2423.186
547,/,/,PUNCT,_,_,_,_,_,@vvp1934m-words#@vvp1934m#2423.186#2423.455
548,и,и,CCONJ,_,_,_,_,_,@vvp1934m-words#@vvp1934m#2423.455#2423.724
549,давно,давно,ADV,_,Degree=Pos,_,_,_,@vvp1934m-words#@vvp1934m#2423.724#2423.993
550,живет,жить,VERB,_,Aspect=Imp|Mood=Ind|Number=Sing|Person=3|Tense=Pres|VerbForm=Fin|Voice=Act,_,_,_,@vvp1934m-words#@vvp1934m#2423.993#2424.27
551,и,и,PART,_,_,_,_,_,@vvp1934m-words#@vvp1934m#2424.43#2424.72
552,будет,быть,AUX,_,Aspect=Imp|Mood=Ind|Number=Sing|Person=3|Tense=Pres|VerbForm=Fin|Voice=Act,_,_,_,@vvp1934m-words#@vvp1934m#2424.72#2425.01
553,там,там,ADV,_,Degree=Pos,_,_,_,@vvp1934m-words#@vvp1934m#2425.01#2425.3
554,жить,жить,VERB,_,Aspect=Imp|VerbForm=Inf|Voice=Act,_,_,_,@vvp1934m-words#@vvp1934m#2425.3#2425.59
555,эмм,эмма,NOUN,_,Animacy=Inan|Case=Acc|Gender=Masc|Number=Sing,_,_,_,@vvp1934m-words#@vvp1934m#2426.59#2426.895
556,/,/,PUNCT,_,_,_,_,_,@vvp1934m-words#@vvp1934m#2426.895#2427.2
557,и,и,CCONJ,_,_,_,_,_,@vvp1934m-words#@vvp1934m#2427.2#2427.505
558,мне,я,PRON,_,Case=Dat|Number=Sing|Person=1,_,_,_,@vvp1934m-words#@vvp1934m#2427.505#2427.81
559,было,быть,AUX,_,Aspect=Imp|Gender=Neut|Mood=Ind|Number=Sing|Tense=Past|VerbForm=Fin|Voice=Act,_,_,_,@vvp1934m-words#@vvp1934m#2427.81#2428.115
560,понят…,понят…,PUNCT,_,_,_,_,_,@vvp1934m-words#@vvp1934m#2428.115#2428.42
561,ээ,ээ,NOUN,_,Animacy=Inan|Case=Nom|Gender=Neut|Number=Sing,_,_,_,@vvp1934m-words#@vvp1934m#2428.42#2428.725
562,/,/,PUNCT,_,_,_,_,_,@vvp1934m-words#@vvp1934m#2428.725#2429.03
563,интересно,интересный,ADJ,_,Degree=Pos|Gender=Neut|Number=Sing|Variant=Short,_,_,_,@vvp1934m-words#@vvp1934m#2429.03#2429.335
564,/,/,PUNCT,_,_,_,_,_,@vvp1934m-words#@vvp1934m#2429.335#2429.64
565,насколько,насколько,ADV,_,Degree=Pos,_,_,_,@vvp1934m-words#@vvp1934m#2429.64#2429.945
566,я,я,PRON,_,Case=Nom|Number=Sing|Person=1,_,_,_,@vvp1934m-words#@vvp1934m#2429.945#2430.25
567,/,/,PUNCT,_,_,_,_,_,@vvp1934m-words#@vvp1934m#2430.25#2430.555
568,могу,мочь,VERB,_,Aspect=Imp|Mood=Ind|Number=Sing|Person=1|Tense=Pres|VerbForm=Fin|Voice=Act,_,_,_,@vvp1934m-words#@vvp1934m#2430.555#2430.86
569,справиться,справиться,VERB,_,Aspect=Perf|VerbForm=Inf|Voice=Mid,_,_,_,@vvp1934m-words#@vvp1934m#2430.86#2431.165
570,с,с,ADP,_,_,_,_,_,@vvp1934m-words#@vvp1934m#2431.165#2431.47
571,собой,себя,PRON,_,Case=Ins,_,_,_,@vvp1934m-words#@vvp1934m#2431.47#2431.79
572,ээ,ээ,NOUN,_,Animacy=Inan|Case=Nom|Gender=Neut|Number=Sing,_,_,_,@vvp1934m-words#@vvp1934m#2432.45#2432.822
573,/,/,PUNCT,_,_,_,_,_,@vvp1934m-words#@vvp1934m#2432.822#2433.194
574,я,я,PRON,_,Case=Nom|Number=Sing|Person=1,_,_,_,@vvp1934m-words#@vvp1934m#2433.194#2433.566
575,получил,получить,VERB,_,Aspect=Perf|Gender=Masc|Mood=Ind|Number=Sing|Tense=Past|VerbForm=Fin|Voice=Act,_,_,_,@vvp1934m-words#@vvp1934m#2433.566#2433.938
576,самые,самый,ADJ,_,Animacy=Inan|Case=Acc|Degree=Pos|Number=Plur,_,_,_,@vvp1934m-words#@vvp1934m#2433.938#2434.31
577,разные,разный,ADJ,_,Animacy=Inan|Case=Acc|Degree=Pos|Number=Plur,_,_,_,@vvp1934m-words#@vvp1934m#2434.31#2434.682
578,отклики,отклик,NOUN,_,Animacy=Inan|Case=Acc|Gender=Masc|Number=Plur,_,_,_,@vvp1934m-words#@vvp1934m#2434.682#2435.054
579,/,/,PUNCT,_,_,_,_,_,@vvp1934m-words#@vvp1934m#2435.054#2435.426
580,по,по,ADP,_,_,_,_,_,@vvp1934m-words#@vvp1934m#2435.426#2435.798
581,поводу,повод,NOUN,_,Animacy=Inan|Case=Dat|Gender=Masc|Number=Sing,_,_,_,@vvp1934m-words#@vvp1934m#2435.798#2436.17
582,этой,этот,DET,_,Case=Gen|Gender=Fem|Number=Sing,_,_,_,@vvp1934m-words#@vvp1934m#2436.17#2436.542
583,программы,программа,NOUN,_,Animacy=Inan|Case=Gen|Gender=Fem|Number=Sing,_,_,_,@vvp1934m-words#@vvp1934m#2436.542#2436.914
584,/,/,PUNCT,_,_,_,_,_,@vvp1934m-words#@vvp1934m#2436.914#2437.286
585,от,от,ADP,_,_,_,_,_,@vvp1934m-words#@vvp1934m#2437.286#2437.658
586,благодарных,благодарный,ADJ,_,Case=Gen|Degree=Pos|Number=Plur,_,_,_,@vvp1934m-words#@vvp1934m#2437.658#2438.03
587,до,до,ADP,_,_,_,_,_,@vvp1934m-words#@vvp1934m#2438.53#2438.725
588,/,/,PUNCT,_,_,_,_,_,@vvp1934m-words#@vvp1934m#2438.725#2438.92
589,таких,такой,DET,_,Case=Gen|Number=Plur,_,_,_,@vvp1934m-words#@vvp1934m#2438.92#2439.115
590,/,/,PUNCT,_,_,_,_,_,@vvp1934m-words#@vvp1934m#2439.115#2439.31
591,как,как,SCONJ,_,_,_,_,_,@vvp1934m-words#@vvp1934m#2439.31#2439.505
592,говорите,говорить,VERB,_,Aspect=Imp|Mood=Ind|Number=Plur|Person=2|Tense=Pres|VerbForm=Fin|Voice=Act,_,_,_,@vvp1934m-words#@vvp1934m#2439.505#2439.7
593,вы,вы,PRON,_,Case=Nom|Number=Plur|Person=2,_,_,_,@vvp1934m-words#@vvp1934m#2439.7#2439.895
594,/,/,PUNCT,_,_,_,_,_,@vvp1934m-words#@vvp1934m#2439.895#2440.09
595,что,что,PRON,_,Case=Nom,_,_,_,@vvp1934m-words#@vvp1934m#2440.09#2440.285
596,мол,мол,ADV,_,Degree=Pos,_,_,_,@vvp1934m-words#@vvp1934m#2440.285#2440.48
597,/,/,PUNCT,_,_,_,_,_,@vvp1934m-words#@vvp1934m#2440.48#2440.675
598,как,как,ADV,_,Degree=Pos,_,_,_,@vvp1934m-words#@vvp1934m#2440.675#2440.87
599,же,же,PART,_,_,_,_,_,@vvp1934m-words#@vvp1934m#2440.87#2441.065
600,вы,вы,PRON,_,Case=Nom|Number=Plur|Person=2,_,_,_,@vvp1934m-words#@vvp1934m#2441.065#2441.26
601,так,так,ADV,_,Degree=Pos,_,_,_,@vvp1934m-words#@vvp1934m#2441.26#2441.455
602,/,/,PUNCT,_,_,_,_,_,@vvp1934m-words#@vvp1934m#2441.455#2441.65
603,и,и,CCONJ,_,_,_,_,_,@vvp1934m-words#@vvp1934m#2441.65#2441.845
604,так,так,ADV,_,Degree=Pos,_,_,_,@vvp1934m-words#@vvp1934m#2441.845#2442.04
605,далее,далее,ADV,_,Degree=Pos,_,_,_,@vvp1934m-words#@vvp1934m#2442.04#2442.24
606,аммм,аммма,NOUN,_,Animacy=Inan|Case=Gen|Gender=Fem|Number=Plur,_,_,_,@vvp1934m-words#@vvp1934m#2443.08#2443.99
607,у,у,ADP,_,_,_,_,_,@vvp1934m-words#@vvp1934m#2444.44#2444.666
608,м…,м…,PUNCT,_,_,_,_,_,@vvp1934m-words#@vvp1934m#2444.666#2444.892
609,мне,я,PRON,_,Case=Dat|Number=Sing|Person=1,_,_,_,@vvp1934m-words#@vvp1934m#2444.892#2445.118
610,не,не,PART,_,_,_,_,_,@vvp1934m-words#@vvp1934m#2445.118#2445.344
611,стыдно,стыдно,ADV,_,Degree=Pos,_,_,_,@vvp1934m-words#@vvp1934m#2445.344#2445.57
612,за,за,ADP,_,_,_,_,_,@vvp1934m-words#@vvp1934m#2445.57#2445.796
613,эту,этот,DET,_,Case=Acc|Gender=Fem|Number=Sing,_,_,_,@vvp1934m-words#@vvp1934m#2445.796#2446.022
614,программу,программа,NOUN,_,Animacy=Inan|Case=Acc|Gender=Fem|Number=Sing,_,_,_,@vvp1934m-words#@vvp1934m#2446.022#2446.248
615,/,/,PUNCT,_,_,_,_,_,@vvp1934m-words#@vvp1934m#2446.248#2446.474
616,я,я,PRON,_,Case=Nom|Number=Sing|Person=1,_,_,_,@vvp1934m-words#@vvp1934m#2446.474#2446.7
617,вам,вы,PRON,_,Case=Dat|Number=Plur|Person=2,_,_,_,@vvp1934m-words#@vvp1934m#2446.7#2446.926
618,искренне,искренне,ADV,_,Degree=Pos,_,_,_,@vvp1934m-words#@vvp1934m#2446.926#2447.152
619,говорю,говорить,VERB,_,Aspect=Imp|Mood=Ind|Number=Sing|Person=1|Tense=Pres|VerbForm=Fin|Voice=Act,_,_,_,@vvp1934m-words#@vvp1934m#2447.152#2447.39
620,то,то,PRON,_,Animacy=Inan|Case=Nom|Gender=Neut|Number=Sing,_,_,_,@vvp1934m-words#@vvp1934m#2447.79#2448.053
621,/,/,PUNCT,_,_,_,_,_,@vvp1934m-words#@vvp1934m#2448.053#2448.316
622,что,что,SCONJ,_,_,_,_,_,@vvp1934m-words#@vvp1934m#2448.316#2448.579
623,мое,мой,DET,_,Case=Nom|Gender=Neut|Number=Sing,_,_,_,@vvp1934m-words#@vvp1934m#2448.579#2448.842
624,отношение,отношение,NOUN,_,Animacy=Inan|Case=Nom|Gender=Neut|Number=Sing,_,_,_,@vvp1934m-words#@vvp1934m#2448.842#2449.105
625,/,/,PUNCT,_,_,_,_,_,@vvp1934m-words#@vvp1934m#2449.105#2449.368
626,ээ,ээ,INTJ,_,_,_,_,_,@vvp1934m-words#@vvp1934m#2449.368#2449.631
627,/,/,PUNCT,_,_,_,_,_,@vvp1934m-words#@vvp1934m#2449.631#2449.894
628,так,так,ADV,_,Degree=Pos,_,_,_,@vvp1934m-words#@vvp1934m#2449.894#2450.157
629,или,или,CCONJ,_,_,_,_,_,@vvp1934m-words#@vvp1934m#2450.157#2450.42
630,иначе,иначе,ADV,_,Degree=Pos,_,_,_,@vvp1934m-words#@vvp1934m#2450.42#2450.683
631,/,/,PUNCT,_,_,_,_,_,@vvp1934m-words#@vvp1934m#2450.683#2450.946
632,м…,м…,PUNCT,_,_,_,_,_,@vvp1934m-words#@vvp1934m#2450.946#2451.209
633,можно,можно,ADV,_,Degree=Pos,_,_,_,@vvp1934m-words#@vvp1934m#2451.209#2451.472
634,было,быть,AUX,_,Aspect=Imp|Gender=Neut|Mood=Ind|Number=Sing|Tense=Past|VerbForm=Fin|Voice=Act,_,_,_,@vvp1934m-words#@vvp1934m#2451.472#2451.735
635,почувствовать,почувствовать,VERB,_,Aspect=Perf|VerbForm=Inf|Voice=Act,_,_,_,@vvp1934m-words#@vvp1934m#2451.735#2451.998
636,/,/,PUNCT,_,_,_,_,_,@vvp1934m-words#@vvp1934m#2451.998#2452.261
637,ну,ну,PART,_,_,_,_,_,@vvp1934m-words#@vvp1934m#2452.261#2452.524
638,послушайте,послушать,VERB,_,Aspect=Imp|Mood=Imp|Number=Plur|Person=2|VerbForm=Fin|Voice=Act,_,_,_,@vvp1934m-words#@vvp1934m#2452.524#2452.787
639,/,/,PUNCT,_,_,_,_,_,@vvp1934m-words#@vvp1934m#2452.787#2453.05
640,когда,когда,SCONJ,_,_,_,_,_,@vvp1934m-words#@vvp1934m#2453.05#2453.313
641,я,я,PRON,_,Case=Nom|Number=Sing|Person=1,_,_,_,@vvp1934m-words#@vvp1934m#2453.313#2453.576
642,сделал,делать,VERB,_,Aspect=Perf|Gender=Masc|Mood=Ind|Number=Sing|Tense=Past|VerbForm=Fin|Voice=Act,_,_,_,@vvp1934m-words#@vvp1934m#2453.576#2453.839
643,фильм,фильм,NOUN,_,Animacy=Inan|Case=Acc|Gender=Masc|Number=Sing,_,_,_,@vvp1934m-words#@vvp1934m#2453.839#2454.102
644,о,о,ADP,_,_,_,_,_,@vvp1934m-words#@vvp1934m#2454.102#2454.365
645,Франции,Франция,PROPN,_,Animacy=Inan|Case=Loc|Gender=Fem|Number=Sing,_,_,_,@vvp1934m-words#@vvp1934m#2454.365#2454.628
646,/,/,PUNCT,_,_,_,_,_,@vvp1934m-words#@vvp1934m#2454.628#2454.891
647,эмм,эмма,NOUN,_,Animacy=Inan|Case=Acc|Gender=Masc|Number=Sing,_,_,_,@vvp1934m-words#@vvp1934m#2454.891#2455.154
648,/,/,PUNCT,_,_,_,_,_,@vvp1934m-words#@vvp1934m#2455.154#2455.417
649,многие,много,NUM,_,_,_,_,_,@vvp1934m-words#@vvp1934m#2455.417#2455.68
650,говорили,говорить,VERB,_,Aspect=Imp|Mood=Ind|Number=Plur|Tense=Past|VerbForm=Fin|Voice=Act,_,_,_,@vvp1934m-words#@vvp1934m#2455.68#2455.943
651,/,/,PUNCT,_,_,_,_,_,@vvp1934m-words#@vvp1934m#2455.943#2456.206
652,что,что,SCONJ,_,_,_,_,_,@vvp1934m-words#@vvp1934m#2456.206#2456.469
653,чувствуется,чувствовать,VERB,_,Aspect=Imp|Mood=Ind|Number=Sing|Person=3|Tense=Pres|VerbForm=Fin|Voice=Pass,_,_,_,@vvp1934m-words#@vvp1934m#2456.469#2456.732
654,моя,мой,DET,_,Case=Nom|Gender=Fem|Number=Sing,_,_,_,@vvp1934m-words#@vvp1934m#2456.732#2456.995
655,любовь,любовь,NOUN,_,Animacy=Inan|Case=Nom|Gender=Fem|Number=Sing,_,_,_,@vvp1934m-words#@vvp1934m#2456.995#2457.258
656,к,к,ADP,_,_,_,_,_,@vvp1934m-words#@vvp1934m#2457.258#2457.521
657,этой,этот,DET,_,Case=Dat|Gender=Fem|Number=Sing,_,_,_,@vvp1934m-words#@vvp1934m#2457.521#2457.784
658,стране,страна,NOUN,_,Animacy=Inan|Case=Dat|Gender=Fem|Number=Sing,_,_,_,@vvp1934m-words#@vvp1934m#2457.784#2458.05
659,и,и,CCONJ,_,_,_,_,_,@vvp1934m-words#@vvp1934m#2458.35#2458.725
660,ничего,ничто,PRON,_,Case=Gen,_,_,_,@vvp1934m-words#@vvp1934m#2458.725#2459.1
661,это,это,PRON,_,Animacy=Inan|Case=Nom|Gender=Neut|Number=Sing,_,_,_,@vvp1934m-words#@vvp1934m#2459.75#2460.195
662,ничего,ничто,PRON,_,Case=Gen,_,_,_,@vvp1934m-words#@vvp1934m#2460.195#2460.64
663,а,а,CCONJ,_,_,_,_,_,@vvp1934m-words#@vvp1934m#2460.78#2461.036
664,вот,вот,PART,_,_,_,_,_,@vvp1934m-words#@vvp1934m#2461.036#2461.292
665,если,если,SCONJ,_,_,_,_,_,@vvp1934m-words#@vvp1934m#2461.292#2461.548
666,чувствуется,чувствовать,VERB,_,Aspect=Imp|Mood=Ind|Number=Sing|Person=3|Tense=Pres|VerbForm=Fin|Voice=Pass,_,_,_,@vvp1934m-words#@vvp1934m#2461.548#2461.804
667,нелюбовь,нелюбовь,NOUN,_,Animacy=Inan|Case=Nom|Gender=Fem|Number=Sing,_,_,_,@vvp1934m-words#@vvp1934m#2461.804#2462.06
668,/,/,PUNCT,_,_,_,_,_,@vvp1934m-words#@vvp1934m#2462.06#2462.316
669,то,то,SCONJ,_,_,_,_,_,@vvp1934m-words#@vvp1934m#2462.316#2462.572
670,это,это,PRON,_,Animacy=Inan|Case=Nom|Gender=Neut|Number=Sing,_,_,_,@vvp1934m-words#@vvp1934m#2462.572#2462.828
671,чего,что,PRON,_,Case=Gen,_,_,_,@vvp1934m-words#@vvp1934m#2462.828#2463.09
672,я,я,PRON,_,Case=Nom|Number=Sing|Person=1,_,_,_,@vvp1934m-words#@vvp1934m#2463.31#2463.552
673,с,с,ADP,_,_,_,_,_,@vvp1934m-words#@vvp1934m#2463.552#2463.794
674,этим,это,PRON,_,Animacy=Inan|Case=Ins|Gender=Neut|Number=Sing,_,_,_,@vvp1934m-words#@vvp1934m#2463.794#2464.036
675,не,не,PART,_,_,_,_,_,@vvp1934m-words#@vvp1934m#2464.036#2464.278
676,согласен,согласный,ADJ,_,Degree=Pos|Gender=Masc|Number=Sing|Variant=Short,_,_,_,@vvp1934m-words#@vvp1934m#2464.278#2464.52
677,да,да,CCONJ,_,_,_,_,_,@vvp1934m-words#@vvp1934m#2469.67#2470.41
678,конечно,конечно,ADV,_,Degree=Pos,_,_,_,@vvp1934m-words#@vvp1934m#2472.05#2472.53
679,и,и,PART,_,_,_,_,_,@vvp1934m-words#@vvp1934m#2472.53#2472.842
680,ваши,ваш,DET,_,Case=Nom|Number=Plur,_,_,_,@vvp1934m-words#@vvp1934m#2472.842#2473.154
681,коллеги,коллега,NOUN,_,Animacy=Anim|Case=Nom|Gender=Masc|Number=Plur,_,_,_,@vvp1934m-words#@vvp1934m#2473.154#2473.466
682,тоже,тоже,PART,_,_,_,_,_,@vvp1934m-words#@vvp1934m#2473.466#2473.78
683,вы,вы,PRON,_,Case=Nom|Number=Plur|Person=2,_,_,_,@vvp1934m-words#@vvp1934m#2474.22#2474.461
684,можете,мочь,VERB,_,Aspect=Imp|Mood=Ind|Number=Plur|Person=2|Tense=Pres|VerbForm=Fin|Voice=Act,_,_,_,@vvp1934m-words#@vvp1934m#2474.461#2474.702
685,сколько,сколько,NUM,_,_,_,_,_,@vvp1934m-words#@vvp1934m#2474.702#2474.943
686,угодно,угодно,ADV,_,Degree=Pos,_,_,_,@vvp1934m-words#@vvp1934m#2474.943#2475.184
687,делать,делать,VERB,_,Aspect=Imp|VerbForm=Inf|Voice=Act,_,_,_,@vvp1934m-words#@vvp1934m#2475.184#2475.425
688,вид,вид,NOUN,_,Animacy=Inan|Case=Acc|Gender=Masc|Number=Sing,_,_,_,@vvp1934m-words#@vvp1934m#2475.425#2475.666
689,/,/,PUNCT,_,_,_,_,_,@vvp1934m-words#@vvp1934m#2475.666#2475.907
690,но,но,CCONJ,_,_,_,_,_,@vvp1934m-words#@vvp1934m#2475.907#2476.148
691,тем,то,PRON,_,Animacy=Inan|Case=Ins|Gender=Neut|Number=Sing,_,_,_,@vvp1934m-words#@vvp1934m#2476.148#2476.389
692,не,не,PART,_,Polarity=Neg,_,_,_,@vvp1934m-words#@vvp1934m#2476.389#2476.63
693,менее,менее,ADV,_,Degree=Cmp,_,_,_,@vvp1934m-words#@vvp1934m#2476.63#2476.88
694,так,так,ADV,_,Degree=Pos,_,_,_,@vvp1934m-words#@vvp1934m#2477.18#2477.434
695,/,/,PUNCT,_,_,_,_,_,@vvp1934m-words#@vvp1934m#2477.434#2477.688
696,значит,значит,ADV,_,Degree=Pos,_,_,_,@vvp1934m-words#@vvp1934m#2477.688#2477.942
697,/,/,PUNCT,_,_,_,_,_,@vvp1934m-words#@vvp1934m#2477.942#2478.196
698,ну,ну,PART,_,_,_,_,_,@vvp1934m-words#@vvp1934m#2478.196#2478.45
699,/,/,PUNCT,_,_,_,_,_,@vvp1934m-words#@vvp1934m#2478.45#2478.704
700,вы,вы,PRON,_,Case=Nom|Number=Plur|Person=2,_,_,_,@vvp1934m-words#@vvp1934m#2478.704#2478.958
701,это,это,PRON,_,Animacy=Inan|Case=Nom|Gender=Neut|Number=Sing,_,_,_,@vvp1934m-words#@vvp1934m#2478.958#2479.212
702,расцениваете,расценивать,VERB,_,Aspect=Imp|Mood=Ind|Number=Plur|Person=2|Tense=Pres|VerbForm=Fin|Voice=Act,_,_,_,@vvp1934m-words#@vvp1934m#2479.212#2479.466
703,как,как,SCONJ,_,_,_,_,_,@vvp1934m-words#@vvp1934m#2479.466#2479.72
704,провал,провал,NOUN,_,Animacy=Inan|Case=Acc|Gender=Masc|Number=Sing,_,_,_,@vvp1934m-words#@vvp1934m#2479.72#2479.98
705,и,и,PART,_,_,_,_,_,@vvp1934m-words#@vvp1934m#2480.09#2480.34
706,это,это,PRON,_,Animacy=Inan|Case=Nom|Gender=Neut|Number=Sing,_,_,_,@vvp1934m-words#@vvp1934m#2480.34#2480.59
707,ваше,ваш,DET,_,Case=Nom|Gender=Neut|Number=Sing,_,_,_,@vvp1934m-words#@vvp1934m#2480.59#2480.84
708,право,право,NOUN,_,Animacy=Inan|Case=Nom|Gender=Neut|Number=Sing,_,_,_,@vvp1934m-words#@vvp1934m#2480.84#2481.09
709,вот,вот,PART,_,_,_,_,_,@vvp1934m-words#@vvp1934m#2481.21#2481.42
710,/,/,PUNCT,_,_,_,_,_,@vvp1934m-words#@vvp1934m#2481.42#2481.63
711,что,что,PRON,_,Case=Acc,_,_,_,@vvp1934m-words#@vvp1934m#2481.63#2481.84
712,важно,важный,ADJ,_,Degree=Pos|Gender=Neut|Number=Sing|Variant=Short,_,_,_,@vvp1934m-words#@vvp1934m#2481.84#2482.05
713,да,да,CCONJ,_,_,_,_,_,@vvp1934m-words#@vvp1934m#2483.78#2484.14
714,да,да,PART,_,_,_,_,_,@vvp1934m-words#@vvp1934m#2490.74#2490.99
715,да,да,PART,_,_,_,_,_,@vvp1934m-words#@vvp1934m#2493.86#2494.07
716,да,да,PART,_,_,_,_,_,@vvp1934m-words#@vvp1934m#2496.0#2496.4
717,правда,правда,NOUN,_,Animacy=Inan|Case=Nom|Gender=Fem|Number=Sing,_,_,_,@vvp1934m-words#@vvp1934m#2497.55#2498.08
718,да,да,CCONJ,_,_,_,_,_,@vvp1934m-words#@vvp1934m#2506.34#2506.75
719,#цокает#,#цокает#,NOUN,_,Animacy=Inan|Case=Gen|Gender=Fem|Number=Sing,_,_,_,@vvp1934m-words#@vvp1934m#2521.8#2522.23
720,это,это,PRON,_,Animacy=Inan|Case=Acc|Gender=Neut|Number=Sing,_,_,_,@vvp1934m-words#@vvp1934m#2527.88#2528.155
721,/,/,PUNCT,_,_,_,_,_,@vvp1934m-words#@vvp1934m#2528.155#2528.43
722,и,и,CCONJ,_,_,_,_,_,@vvp1934m-words#@vvp1934m#2528.43#2528.705
723,так,так,ADV,_,Degree=Pos,_,_,_,@vvp1934m-words#@vvp1934m#2528.705#2528.98
724,/,/,PUNCT,_,_,_,_,_,@vvp1934m-words#@vvp1934m#2528.98#2529.255
725,и,и,PART,_,_,_,_,_,@vvp1934m-words#@vvp1934m#2529.255#2529.53
726,не,не,PART,_,_,_,_,_,@vvp1934m-words#@vvp1934m#2529.53#2529.805
727,так,так,ADV,_,Degree=Pos,_,_,_,@vvp1934m-words#@vvp1934m#2529.805#2530.08
728,значит,значить,VERB,_,Aspect=Imp|Mood=Ind|Number=Sing|Person=3|Tense=Pres|VerbForm=Fin|Voice=Act,_,_,_,@vvp1934m-words#@vvp1934m#2530.14#2530.482
729,/,/,PUNCT,_,_,_,_,_,@vvp1934m-words#@vvp1934m#2530.482#2530.824
730,Германия,Германия,PROPN,_,Animacy=Inan|Case=Nom|Gender=Fem|Number=Sing,_,_,_,@vvp1934m-words#@vvp1934m#2530.824#2531.166
731,меня,я,PRON,_,Case=Acc|Number=Sing|Person=1,_,_,_,@vvp1934m-words#@vvp1934m#2531.166#2531.508
732,/,/,PUNCT,_,_,_,_,_,@vvp1934m-words#@vvp1934m#2531.508#2531.85
733,во-первых,во-первых,ADV,_,Degree=Pos,_,_,_,@vvp1934m-words#@vvp1934m#2531.85#2532.192
734,/,/,PUNCT,_,_,_,_,_,@vvp1934m-words#@vvp1934m#2532.192#2532.534
735,коснулась,коснуться,VERB,_,Aspect=Perf|Gender=Fem|Mood=Ind|Number=Sing|Tense=Past|VerbForm=Fin|Voice=Mid,_,_,_,@vvp1934m-words#@vvp1934m#2532.534#2532.876
736,непосредственно,непосредственно,ADV,_,Degree=Pos,_,_,_,@vvp1934m-words#@vvp1934m#2532.876#2533.218
737,/,/,PUNCT,_,_,_,_,_,@vvp1934m-words#@vvp1934m#2533.218#2533.56
738,ээ,ээ,INTJ,_,_,_,_,_,@vvp1934m-words#@vvp1934m#2533.56#2533.902
739,/,/,PUNCT,_,_,_,_,_,@vvp1934m-words#@vvp1934m#2533.902#2534.244
740,расстреляли,расстрелять,VERB,_,Aspect=Perf|Mood=Ind|Number=Plur|Tense=Past|VerbForm=Fin|Voice=Act,_,_,_,@vvp1934m-words#@vvp1934m#2534.244#2534.586
741,моего,мой,DET,_,Case=Acc|Gender=Masc|Number=Sing,_,_,_,@vvp1934m-words#@vvp1934m#2534.586#2534.928
742,деда,дед,NOUN,_,Animacy=Anim|Case=Acc|Gender=Masc|Number=Sing,_,_,_,@vvp1934m-words#@vvp1934m#2534.928#2535.27
743,/,/,PUNCT,_,_,_,_,_,@vvp1934m-words#@vvp1934m#2535.27#2535.612
744,немцы,немец,NOUN,_,Animacy=Anim|Case=Nom|Gender=Masc|Number=Plur,_,_,_,@vvp1934m-words#@vvp1934m#2535.612#2535.954
745,/,/,PUNCT,_,_,_,_,_,@vvp1934m-words#@vvp1934m#2535.954#2536.296
746,за,за,ADP,_,_,_,_,_,@vvp1934m-words#@vvp1934m#2536.296#2536.638
747,то,то,PRON,_,Animacy=Inan|Case=Acc|Gender=Neut|Number=Sing,_,_,_,@vvp1934m-words#@vvp1934m#2536.638#2536.98
748,/,/,PUNCT,_,_,_,_,_,@vvp1934m-words#@vvp1934m#2536.98#2537.322
749,что,что,SCONJ,_,_,_,_,_,@vvp1934m-words#@vvp1934m#2537.322#2537.664
750,фамилия,фамилия,NOUN,_,Animacy=Inan|Case=Nom|Gender=Fem|Number=Sing,_,_,_,@vvp1934m-words#@vvp1934m#2537.664#2538.006
751,его,его,DET,_,_,_,_,_,@vvp1934m-words#@vvp1934m#2538.006#2538.348
752,Познер,Познер,PROPN,_,Animacy=Anim|Case=Nom|Gender=Masc|Number=Sing,_,_,_,@vvp1934m-words#@vvp1934m#2538.348#2538.69
753,ээ,ээ,X,_,Foreign=Yes,_,_,_,@vvp1934m-words#@vvp1934m#2539.25#2539.597
754,ближайший,близкий,ADJ,_,Case=Nom|Degree=Sup|Gender=Masc|Number=Sing,_,_,_,@vvp1934m-words#@vvp1934m#2539.597#2539.944
755,друг,друг,NOUN,_,Animacy=Anim|Case=Nom|Gender=Masc|Number=Sing,_,_,_,@vvp1934m-words#@vvp1934m#2539.944#2540.291
756,моего,мой,DET,_,Case=Gen|Gender=Masc|Number=Sing,_,_,_,@vvp1934m-words#@vvp1934m#2540.291#2540.638
757,отца,отец,NOUN,_,Animacy=Anim|Case=Gen|Gender=Masc|Number=Sing,_,_,_,@vvp1934m-words#@vvp1934m#2540.638#2540.985
758,/,/,PUNCT,_,_,_,_,_,@vvp1934m-words#@vvp1934m#2540.985#2541.332
759,кончил,кончить,VERB,_,Aspect=Perf|Gender=Masc|Mood=Ind|Number=Sing|Tense=Past|VerbForm=Fin|Voice=Act,_,_,_,@vvp1934m-words#@vvp1934m#2541.332#2541.679
760,в,в,ADP,_,_,_,_,_,@vvp1934m-words#@vvp1934m#2541.679#2542.026
761,газовой,газовый,ADJ,_,Case=Loc|Degree=Pos|Gender=Fem|Number=Sing,_,_,_,@vvp1934m-words#@vvp1934m#2542.026#2542.373
762,камере,камера,NOUN,_,Animacy=Inan|Case=Loc|Gender=Fem|Number=Sing,_,_,_,@vvp1934m-words#@vvp1934m#2542.373#2542.72
763,эмм,эмма,NOUN,_,Animacy=Inan|Case=Gen|Gender=Masc|Number=Sing,_,_,_,@vvp1934m-words#@vvp1934m#2543.56#2544.01
764,/,/,PUNCT,_,_,_,_,_,@vvp1934m-words#@vvp1934m#2544.01#2544.46
765,и,и,CCONJ,_,_,_,_,_,@vvp1934m-words#@vvp1934m#2544.46#2544.91
766,там,там,ADV,_,Degree=Pos,_,_,_,@vvp1934m-words#@vvp1934m#2544.91#2545.36
767,/,/,PUNCT,_,_,_,_,_,@vvp1934m-words#@vvp1934m#2545.36#2545.81
768,это,это,PRON,_,Animacy=Inan|Case=Nom|Gender=Neut|Number=Sing,_,_,_,@vvp1934m-words#@vvp1934m#2545.81#2546.26
769,была,быть,AUX,_,Aspect=Imp|Gender=Fem|Mood=Ind|Number=Sing|Tense=Past|VerbForm=Fin|Voice=Act,_,_,_,@vvp1934m-words#@vvp1934m#2546.26#2546.71
770,преднамеренная,преднамеренный,VERB,_,Aspect=Perf|Case=Nom|Gender=Fem|Number=Sing|Tense=Past|VerbForm=Part|Voice=Pass,_,_,_,@vvp1934m-words#@vvp1934m#2546.71#2547.16
771,ээ,ээ,INTJ,_,_,_,_,_,@vvp1934m-words#@vvp1934m#2547.84#2548.27
772,это,это,PRON,_,Animacy=Inan|Case=Nom|Gender=Neut|Number=Sing,_,_,_,@vvp1934m-words#@vvp1934m#2548.27#2548.7
773,было,быть,AUX,_,Aspect=Imp|Gender=Neut|Mood=Ind|Number=Sing|Tense=Past|VerbForm=Fin|Voice=Act,_,_,_,@vvp1934m-words#@vvp1934m#2548.7#2549.13
774,преднамеренное,преднамереть,ADJ,_,Case=Nom|Degree=Pos|Gender=Neut|Number=Sing,_,_,_,@vvp1934m-words#@vvp1934m#2549.13#2549.56
775,желание,желание,NOUN,_,Animacy=Inan|Case=Nom|Gender=Neut|Number=Sing,_,_,_,@vvp1934m-words#@vvp1934m#2549.56#2549.99
776,уничтожить,уничтожить,VERB,_,Aspect=Perf|VerbForm=Inf|Voice=Act,_,_,_,@vvp1934m-words#@vvp1934m#2549.99#2550.42
777,/,/,PUNCT,_,_,_,_,_,@vvp1934m-words#@vvp1934m#2550.42#2550.85
778,это,это,PRON,_,Animacy=Inan|Case=Nom|Gender=Neut|Number=Sing,_,_,_,@vvp1934m-words#@vvp1934m#2550.85#2551.28
779,была,быть,AUX,_,Aspect=Imp|Gender=Fem|Mood=Ind|Number=Sing|Tense=Past|VerbForm=Fin|Voice=Act,_,_,_,@vvp1934m-words#@vvp1934m#2551.28#2551.71
780,задача,задача,NOUN,_,Animacy=Inan|Case=Nom|Gender=Fem|Number=Sing,_,_,_,@vvp1934m-words#@vvp1934m#2551.71#2552.14
781,/,/,PUNCT,_,_,_,_,_,@vvp1934m-words#@vvp1934m#2552.14#2552.57
782,уничтожить,уничтожить,VERB,_,Aspect=Perf|VerbForm=Inf|Voice=Act,_,_,_,@vvp1934m-words#@vvp1934m#2552.57#2553.0
783,всех,весь,DET,_,Case=Acc|Number=Plur,_,_,_,@vvp1934m-words#@vvp1934m#2553.0#2553.43
784,евреев,еврей,NOUN,_,Animacy=Anim|Case=Acc|Gender=Masc|Number=Plur,_,_,_,@vvp1934m-words#@vvp1934m#2553.43#2553.86
785,это,это,PRON,_,Animacy=Inan|Case=Nom|Gender=Neut|Number=Sing,_,_,_,@vvp1934m-words#@vvp1934m#2554.37#2554.781
786,было,быть,AUX,_,Aspect=Imp|Gender=Neut|Mood=Ind|Number=Sing|Tense=Past|VerbForm=Fin|Voice=Act,_,_,_,@vvp1934m-words#@vvp1934m#2554.781#2555.192
787,прямо,прямо,ADV,_,Degree=Pos,_,_,_,@vvp1934m-words#@vvp1934m#2555.192#2555.603
788,так,так,ADV,_,Degree=Pos,_,_,_,@vvp1934m-words#@vvp1934m#2555.603#2556.014
789,поставлено,ставить,VERB,_,Aspect=Perf|Gender=Neut|Number=Sing|Tense=Past|Variant=Short|VerbForm=Part|Voice=Pass,_,_,_,@vvp1934m-words#@vvp1934m#2556.014#2556.425
790,/,/,PUNCT,_,_,_,_,_,@vvp1934m-words#@vvp1934m#2556.425#2556.836
791,окончательное,окончательный,ADJ,_,Case=Nom|Degree=Pos|Gender=Neut|Number=Sing,_,_,_,@vvp1934m-words#@vvp1934m#2556.836#2557.247
792,решение,решение,NOUN,_,Animacy=Inan|Case=Nom|Gender=Neut|Number=Sing,_,_,_,@vvp1934m-words#@vvp1934m#2557.247#2557.658
793,еврейского,еврейский,ADJ,_,Case=Gen|Degree=Pos|Gender=Masc|Number=Sing,_,_,_,@vvp1934m-words#@vvp1934m#2557.658#2558.069
794,вопроса,вопрос,NOUN,_,Animacy=Inan|Case=Gen|Gender=Masc|Number=Sing,_,_,_,@vvp1934m-words#@vvp1934m#2558.069#2558.48
795,ну,ну,PART,_,_,_,_,_,@vvp1934m-words#@vvp1934m#2558.71#2559.059
796,а,а,CCONJ,_,_,_,_,_,@vvp1934m-words#@vvp1934m#2559.059#2559.408
797,заодно,заодно,ADV,_,Degree=Pos,_,_,_,@vvp1934m-words#@vvp1934m#2559.408#2559.757
798,/,/,PUNCT,_,_,_,_,_,@vvp1934m-words#@vvp1934m#2559.757#2560.106
799,ээ,ээ,NOUN,_,Animacy=Inan|Case=Nom|Gender=Neut|Number=Sing,_,_,_,@vvp1934m-words#@vvp1934m#2560.106#2560.455
800,и,и,CCONJ,_,_,_,_,_,@vvp1934m-words#@vvp1934m#2560.455#2560.804
801,более,более,ADV,_,Degree=Cmp,_,_,_,@vvp1934m-words#@vvp1934m#2560.804#2561.153
802,/,/,PUNCT,_,_,_,_,_,@vvp1934m-words#@vvp1934m#2561.153#2561.502
803,второстепенные,второстепенный,ADJ,_,Case=Nom|Degree=Pos|Number=Plur,_,_,_,@vvp1934m-words#@vvp1934m#2561.502#2561.851
804,нации,нация,NOUN,_,Animacy=Inan|Case=Nom|Gender=Fem|Number=Plur,_,_,_,@vvp1934m-words#@vvp1934m#2561.851#2562.2
805,/,/,PUNCT,_,_,_,_,_,@vvp1934m-words#@vvp1934m#2562.2#2562.549
806,как,как,SCONJ,_,_,_,_,_,@vvp1934m-words#@vvp1934m#2562.549#2562.898
807,то,тот,PRON,_,Animacy=Inan|Case=Nom|Gender=Neut|Number=Sing,_,_,_,@vvp1934m-words#@vvp1934m#2562.898#2563.247
808,/,/,PUNCT,_,_,_,_,_,@vvp1934m-words#@vvp1934m#2563.247#2563.596
809,славяне,славянин,NOUN,_,Animacy=Anim|Case=Nom|Gender=Masc|Number=Plur,_,_,_,@vvp1934m-words#@vvp1934m#2563.596#2563.945
810,/,/,PUNCT,_,_,_,_,_,@vvp1934m-words#@vvp1934m#2563.945#2564.294
811,которых,который,PRON,_,Case=Gen,_,_,_,@vvp1934m-words#@vvp1934m#2564.294#2564.643
812,надо,надо,ADV,_,Degree=Pos,_,_,_,@vvp1934m-words#@vvp1934m#2564.643#2564.992
813,использовать,использовать,VERB,_,Aspect=Imp|VerbForm=Inf|Voice=Act,_,_,_,@vvp1934m-words#@vvp1934m#2564.992#2565.341
814,как,как,SCONJ,_,_,_,_,_,@vvp1934m-words#@vvp1934m#2565.341#2565.69
815,рабочую,рабочий,ADJ,_,Case=Acc|Degree=Pos|Gender=Fem|Number=Sing,_,_,_,@vvp1934m-words#@vvp1934m#2565.69#2566.039
816,силу,сила,NOUN,_,Animacy=Inan|Case=Acc|Gender=Fem|Number=Sing,_,_,_,@vvp1934m-words#@vvp1934m#2566.039#2566.388
817,/,/,PUNCT,_,_,_,_,_,@vvp1934m-words#@vvp1934m#2566.388#2566.737
818,пока,пока,ADV,_,Degree=Pos,_,_,_,@vvp1934m-words#@vvp1934m#2566.737#2567.086
819,они,они,PRON,_,Case=Nom|Number=Plur|Person=3,_,_,_,@vvp1934m-words#@vvp1934m#2567.086#2567.435
820,не,не,PART,_,_,_,_,_,@vvp1934m-words#@vvp1934m#2567.435#2567.784
821,сдохли,сдохнуть,VERB,_,Aspect=Perf|Mood=Ind|Number=Plur|Tense=Past|VerbForm=Fin|Voice=Act,_,_,_,@vvp1934m-words#@vvp1934m#2567.784#2568.133
822,от,от,ADP,_,_,_,_,_,@vvp1934m-words#@vvp1934m#2568.133#2568.482
823,голода,голод,NOUN,_,Animacy=Inan|Case=Gen|Gender=Masc|Number=Sing,_,_,_,@vvp1934m-words#@vvp1934m#2568.482#2568.831
824,/,/,PUNCT,_,_,_,_,_,@vvp1934m-words#@vvp1934m#2568.831#2569.18
825,и,и,CCONJ,_,_,_,_,_,@vvp1934m-words#@vvp1934m#2569.18#2569.529
826,тогда,тогда,ADV,_,Degree=Pos,_,_,_,@vvp1934m-words#@vvp1934m#2569.529#2569.878
827,можно,можно,ADV,_,Degree=Pos,_,_,_,@vvp1934m-words#@vvp1934m#2569.878#2570.227
828,других,другой,NUM,_,_,_,_,_,@vvp1934m-words#@vvp1934m#2570.227#2570.59
829,ээ,ээ,NOUN,_,Animacy=Inan|Case=Gen|Gender=Fem|Number=Sing,_,_,_,@vvp1934m-words#@vvp1934m#2571.65#2571.974
830,тот,тот,DET,_,Case=Acc|Gender=Masc|Number=Sing,_,_,_,@vvp1934m-words#@vvp1934m#2571.974#2572.298
831,ужас,ужас,NOUN,_,Animacy=Inan|Case=Acc|Gender=Masc|Number=Sing,_,_,_,@vvp1934m-words#@vvp1934m#2572.298#2572.622
832,/,/,PUNCT,_,_,_,_,_,@vvp1934m-words#@vvp1934m#2572.622#2572.946
833,который,который,PRON,_,Case=Nom,_,_,_,@vvp1934m-words#@vvp1934m#2572.946#2573.27
834,творился,твориться,VERB,_,Aspect=Imp|Gender=Masc|Mood=Ind|Number=Sing|Tense=Past|VerbForm=Fin|Voice=Mid,_,_,_,@vvp1934m-words#@vvp1934m#2573.27#2573.594
835,в,в,ADP,_,_,_,_,_,@vvp1934m-words#@vvp1934m#2573.594#2573.918
836,советском,советский,ADJ,_,Case=Loc|Degree=Pos|Gender=Masc|Number=Sing,_,_,_,@vvp1934m-words#@vvp1934m#2573.918#2574.242
837,союзе,союз,NOUN,_,Animacy=Inan|Case=Loc|Gender=Masc|Number=Sing,_,_,_,@vvp1934m-words#@vvp1934m#2574.242#2574.57
838,ужас,ужас,NOUN,_,Animacy=Inan|Case=Nom|Gender=Masc|Number=Sing,_,_,_,@vvp1934m-words#@vvp1934m#2574.9#2575.43
839,ээ,ээ,X,_,Foreign=Yes,_,_,_,@vvp1934m-words#@vvp1934m#2576.23#2576.656
840,/,/,PUNCT,_,_,_,_,_,@vvp1934m-words#@vvp1934m#2576.656#2577.082
841,имел,иметь,VERB,_,Aspect=Imp|Gender=Masc|Mood=Ind|Number=Sing|Tense=Past|VerbForm=Fin|Voice=Act,_,_,_,@vvp1934m-words#@vvp1934m#2577.082#2577.508
842,другое,другой,ADJ,_,Case=Acc|Degree=Pos|Gender=Neut|Number=Sing,_,_,_,@vvp1934m-words#@vvp1934m#2577.508#2577.934
843,направление,направление,NOUN,_,Animacy=Inan|Case=Acc|Gender=Neut|Number=Sing,_,_,_,@vvp1934m-words#@vvp1934m#2577.934#2578.36
844,ээ,ээ,NOUN,_,Animacy=Inan|Case=Gen|Gender=Fem|Number=Sing,_,_,_,@vvp1934m-words#@vvp1934m#2579.73#2580.033
845,от,от,ADP,_,_,_,_,_,@vvp1934m-words#@vvp1934m#2580.033#2580.336
846,этого,это,PRON,_,Animacy=Inan|Case=Gen|Gender=Neut|Number=Sing,_,_,_,@vvp1934m-words#@vvp1934m#2580.336#2580.639
847,не,не,PART,_,_,_,_,_,@vvp1934m-words#@vvp1934m#2580.639#2580.942
848,легче,легкий,ADJ,_,Degree=Cmp,_,_,_,@vvp1934m-words#@vvp1934m#2580.942#2581.245
849,тем,тот,DET,_,Case=Ins|Gender=Masc|Number=Sing,_,_,_,@vvp1934m-words#@vvp1934m#2581.245#2581.548
850,/,/,PUNCT,_,_,_,_,_,@vvp1934m-words#@vvp1934m#2581.548#2581.851
851,которые,который,PRON,_,Case=Acc,_,_,_,@vvp1934m-words#@vvp1934m#2581.851#2582.154
852,погибли,погибнуть,VERB,_,Aspect=Perf|Mood=Ind|Number=Plur|Tense=Past|VerbForm=Fin|Voice=Act,_,_,_,@vvp1934m-words#@vvp1934m#2582.154#2582.457
853,/,/,PUNCT,_,_,_,_,_,@vvp1934m-words#@vvp1934m#2582.457#2582.76
854,но,но,CCONJ,_,_,_,_,_,@vvp1934m-words#@vvp1934m#2582.76#2583.063
855,мое,мой,DET,_,Case=Nom|Gender=Neut|Number=Sing,_,_,_,@vvp1934m-words#@vvp1934m#2583.063#2583.366
856,отношение,отношение,NOUN,_,Animacy=Inan|Case=Nom|Gender=Neut|Number=Sing,_,_,_,@vvp1934m-words#@vvp1934m#2583.366#2583.669
857,к,к,ADP,_,_,_,_,_,@vvp1934m-words#@vvp1934m#2583.669#2583.972
858,этому,этот,DET,_,Case=Dat|Gender=Neut|Number=Sing,_,_,_,@vvp1934m-words#@vvp1934m#2583.972#2584.275
859,другое,другой,ADJ,_,Case=Nom|Degree=Pos|Gender=Neut|Number=Sing,_,_,_,@vvp1934m-words#@vvp1934m#2584.275#2584.59
860,ээ,ээ,NOUN,_,Animacy=Inan|Case=Nom|Gender=Neut|Number=Sing,_,_,_,@vvp1934m-words#@vvp1934m#2585.63#2586.068
861,кроме,кроме,ADP,_,_,_,_,_,@vvp1934m-words#@vvp1934m#2586.068#2586.506
862,того,то,PRON,_,Animacy=Inan|Case=Gen|Gender=Neut|Number=Sing,_,_,_,@vvp1934m-words#@vvp1934m#2586.506#2586.944
863,/,/,PUNCT,_,_,_,_,_,@vvp1934m-words#@vvp1934m#2586.944#2587.382
864,здесь,здесь,ADV,_,Degree=Pos,_,_,_,@vvp1934m-words#@vvp1934m#2587.382#2587.82
865,все-таки,все-таки,PART,_,_,_,_,_,@vvp1934m-words#@vvp1934m#2587.82#2588.258
866,был,быть,VERB,_,Aspect=Imp|Gender=Masc|Mood=Ind|Number=Sing|Tense=Past|VerbForm=Fin|Voice=Act,_,_,_,@vvp1934m-words#@vvp1934m#2588.258#2588.696
867,двадцатый,двадцатый,ADJ,_,Case=Nom|Degree=Pos|Gender=Masc|Number=Sing,_,_,_,@vvp1934m-words#@vvp1934m#2588.696#2589.134
868,съезд,съезд,NOUN,_,Animacy=Inan|Case=Nom|Gender=Masc|Number=Sing,_,_,_,@vvp1934m-words#@vvp1934m#2589.134#2589.58
869,все-таки,все-таки,PART,_,_,_,_,_,@vvp1934m-words#@vvp1934m#2590.42#2590.94
870,было,быть,AUX,_,Aspect=Imp|Gender=Neut|Mood=Ind|Number=Sing|Tense=Past|VerbForm=Fin|Voice=Act,_,_,_,@vvp1934m-words#@vvp1934m#2590.94#2591.46
871,выступление,выступление,NOUN,_,Animacy=Inan|Case=Nom|Gender=Neut|Number=Sing,_,_,_,@vvp1934m-words#@vvp1934m#2591.46#2591.98
872,Хрущева,Хрущев,PROPN,_,Animacy=Anim|Case=Gen|Gender=Masc|Number=Sing,_,_,_,@vvp1934m-words#@vvp1934m#2591.98#2592.5
873,аэ,аэ,PROPN,_,Animacy=Anim|Case=Gen|Gender=Masc|Number=Sing,_,_,_,@vvp1934m-words#@vvp1934m#2593.25#2593.622
874,все-таки,все-таки,PART,_,_,_,_,_,@vvp1934m-words#@vvp1934m#2593.622#2593.994
875,очень,очень,ADV,_,Degree=Pos,_,_,_,@vvp1934m-words#@vvp1934m#2593.994#2594.366
876,многих,много,NUM,_,_,_,_,_,@vvp1934m-words#@vvp1934m#2594.366#2594.738
877,вернули,вернуль,VERB,_,Aspect=Perf|Mood=Ind|Number=Plur|Tense=Past|VerbForm=Fin|Voice=Act,_,_,_,@vvp1934m-words#@vvp1934m#2594.738#2595.11
878,/,/,PUNCT,_,_,_,_,_,@vvp1934m-words#@vvp1934m#2595.11#2595.482
879,которые,который,PRON,_,Case=Acc,_,_,_,@vvp1934m-words#@vvp1934m#2595.482#2595.854
880,б...,б...,PROPN,_,Animacy=Anim|Case=Nom|Gender=Masc|Number=Sing,_,_,_,@vvp1934m-words#@vvp1934m#2595.854#2596.226
881,были,быть,AUX,_,Aspect=Imp|Mood=Ind|Number=Plur|Tense=Past|VerbForm=Fin|Voice=Act,_,_,_,@vvp1934m-words#@vvp1934m#2596.226#2596.598
882,еще,еще,ADV,_,Degree=Pos,_,_,_,@vvp1934m-words#@vvp1934m#2596.598#2596.97
883,живы,живой,ADJ,_,Degree=Pos|Number=Plur|Variant=Short,_,_,_,@vvp1934m-words#@vvp1934m#2596.97#2597.35
884,и,и,CCONJ,_,_,_,_,_,@vvp1934m-words#@vvp1934m#2598.32#2598.615
885,ээ,ээ,INTJ,_,_,_,_,_,@vvp1934m-words#@vvp1934m#2598.615#2598.91
886,поэтому,поэтому,ADV,_,Degree=Pos,_,_,_,@vvp1934m-words#@vvp1934m#2598.91#2599.205
887,мое,мой,DET,_,Case=Acc|Gender=Neut|Number=Sing,_,_,_,@vvp1934m-words#@vvp1934m#2599.205#2599.5
888,отношение,отношение,NOUN,_,Animacy=Inan|Case=Acc|Gender=Neut|Number=Sing,_,_,_,@vvp1934m-words#@vvp1934m#2599.5#2599.795
889,к,к,ADP,_,_,_,_,_,@vvp1934m-words#@vvp1934m#2599.795#2600.09
890,тому,то,PRON,_,Animacy=Inan|Case=Dat|Gender=Neut|Number=Sing,_,_,_,@vvp1934m-words#@vvp1934m#2600.09#2600.385
891,/,/,PUNCT,_,_,_,_,_,@vvp1934m-words#@vvp1934m#2600.385#2600.68
892,что,что,PRON,_,Case=Nom,_,_,_,@vvp1934m-words#@vvp1934m#2600.68#2600.975
893,происходило,происходить,VERB,_,Aspect=Imp|Gender=Neut|Mood=Ind|Number=Sing|Tense=Past|VerbForm=Fin|Voice=Act,_,_,_,@vvp1934m-words#@vvp1934m#2600.975#2601.27
894,здесь,здесь,ADV,_,Degree=Pos,_,_,_,@vvp1934m-words#@vvp1934m#2601.27#2601.565
895,/,/,PUNCT,_,_,_,_,_,@vvp1934m-words#@vvp1934m#2601.565#2601.86
896,не,не,PART,_,_,_,_,_,@vvp1934m-words#@vvp1934m#2601.86#2602.155
897,такое,такой,DET,_,Case=Nom|Gender=Neut|Number=Sing,_,_,_,@vvp1934m-words#@vvp1934m#2602.155#2602.46
898,как,как,ADV,_,Degree=Pos,_,_,_,@vvp1934m-words#@vvp1934m#2603.38#2603.638
899,т…,т…,PUNCT,_,_,_,_,_,@vvp1934m-words#@vvp1934m#2603.638#2603.896
900,[нрзб],[нрзб],PUNCT,_,_,_,_,_,@vvp1934m-words#@vvp1934m#2603.896#2604.154
901,к,к,ADP,_,_,_,_,_,@vvp1934m-words#@vvp1934m#2604.154#2604.412
902,тому,то,PRON,_,Animacy=Inan|Case=Dat|Gender=Neut|Number=Sing,_,_,_,@vvp1934m-words#@vvp1934m#2604.412#2604.67
903,/,/,PUNCT,_,_,_,_,_,@vvp1934m-words#@vvp1934m#2604.67#2604.928
904,что,что,PRON,_,Case=Nom,_,_,_,@vvp1934m-words#@vvp1934m#2604.928#2605.186
905,происходило,происходить,VERB,_,Aspect=Imp|Gender=Neut|Mood=Ind|Number=Sing|Tense=Past|VerbForm=Fin|Voice=Act,_,_,_,@vvp1934m-words#@vvp1934m#2605.186#2605.444
906,в,в,ADP,_,_,_,_,_,@vvp1934m-words#@vvp1934m#2605.444#2605.702
907,Германии,Германия,PROPN,_,Animacy=Inan|Case=Loc|Gender=Fem|Number=Sing,_,_,_,@vvp1934m-words#@vvp1934m#2605.702#2605.96
908,и,и,CCONJ,_,_,_,_,_,@vvp1934m-words#@vvp1934m#2606.82#2607.144
909,/,/,PUNCT,_,_,_,_,_,@vvp1934m-words#@vvp1934m#2607.144#2607.468
910,скажу,сказать,VERB,_,Aspect=Perf|Mood=Ind|Number=Sing|Person=1|Tense=Fut|VerbForm=Fin|Voice=Act,_,_,_,@vvp1934m-words#@vvp1934m#2607.468#2607.792
911,я,я,PRON,_,Case=Nom|Number=Sing|Person=1,_,_,_,@vvp1934m-words#@vvp1934m#2607.792#2608.116
912,больше,больше,ADV,_,Degree=Cmp,_,_,_,@vvp1934m-words#@vvp1934m#2608.116#2608.44
913,/,/,PUNCT,_,_,_,_,_,@vvp1934m-words#@vvp1934m#2608.44#2608.764
914,я,я,PRON,_,Case=Nom|Number=Sing|Person=1,_,_,_,@vvp1934m-words#@vvp1934m#2608.764#2609.088
915,не,не,PART,_,_,_,_,_,@vvp1934m-words#@vvp1934m#2609.088#2609.412
916,делаю,делать,VERB,_,Aspect=Imp|Mood=Ind|Number=Sing|Person=1|Tense=Pres|VerbForm=Fin|Voice=Act,_,_,_,@vvp1934m-words#@vvp1934m#2609.412#2609.736
917,фильма,фильм,NOUN,_,Animacy=Inan|Case=Gen|Gender=Masc|Number=Sing,_,_,_,@vvp1934m-words#@vvp1934m#2609.736#2610.06
918,/,/,PUNCT,_,_,_,_,_,@vvp1934m-words#@vvp1934m#2610.06#2610.384
919,России,Россия,PROPN,_,Animacy=Inan|Case=Gen|Gender=Fem|Number=Sing,_,_,_,@vvp1934m-words#@vvp1934m#2610.384#2610.71
920,а,а,CCONJ,_,_,_,_,_,@vvp1934m-words#@vvp1934m#2611.61#2611.867
921,если,если,SCONJ,_,_,_,_,_,@vvp1934m-words#@vvp1934m#2611.867#2612.124
922,бы,бы,AUX,_,_,_,_,_,@vvp1934m-words#@vvp1934m#2612.124#2612.381
923,делал,делать,VERB,_,Aspect=Imp|Gender=Masc|Mood=Ind|Number=Sing|Tense=Past|VerbForm=Fin|Voice=Act,_,_,_,@vvp1934m-words#@vvp1934m#2612.381#2612.64
924,то,то,PRON,_,Animacy=Inan|Case=Acc|Gender=Neut|Number=Sing,_,_,_,@vvp1934m-words#@vvp1934m#2613.17#2613.501
925,вы,вы,PRON,_,Case=Nom|Number=Plur|Person=2,_,_,_,@vvp1934m-words#@vvp1934m#2613.501#2613.832
926,можете,мочь,VERB,_,Aspect=Imp|Mood=Ind|Number=Plur|Person=2|Tense=Pres|VerbForm=Fin|Voice=Act,_,_,_,@vvp1934m-words#@vvp1934m#2613.832#2614.163
927,быть,быть,AUX,_,Aspect=Imp|VerbForm=Inf|Voice=Act,_,_,_,@vvp1934m-words#@vvp1934m#2614.163#2614.494
928,совершенно,совершенно,ADV,_,Degree=Pos,_,_,_,@vvp1934m-words#@vvp1934m#2614.494#2614.825
929,спокойны,спокойный,ADJ,_,Degree=Pos|Number=Plur|Variant=Short,_,_,_,@vvp1934m-words#@vvp1934m#2614.825#2615.16
930,что,что,SCONJ,_,_,_,_,_,@vvp1934m-words#@vvp1934m#2615.65#2616.016
931,о,о,ADP,_,_,_,_,_,@vvp1934m-words#@vvp1934m#2616.016#2616.382
932,гулаге,гулаг,NOUN,_,Animacy=Inan|Case=Loc|Gender=Fem|Number=Sing,_,_,_,@vvp1934m-words#@vvp1934m#2616.382#2616.75
933,и,и,CCONJ,_,_,_,_,_,@vvp1934m-words#@vvp1934m#2617.37#2617.583
934,о,о,ADP,_,_,_,_,_,@vvp1934m-words#@vvp1934m#2617.583#2617.796
935,том,то,PRON,_,Animacy=Inan|Case=Loc|Gender=Neut|Number=Sing,_,_,_,@vvp1934m-words#@vvp1934m#2617.796#2618.009
936,/,/,PUNCT,_,_,_,_,_,@vvp1934m-words#@vvp1934m#2618.009#2618.222
937,что,что,PRON,_,Case=Nom,_,_,_,@vvp1934m-words#@vvp1934m#2618.222#2618.435
938,творилось,твориться,VERB,_,Aspect=Imp|Gender=Neut|Mood=Ind|Number=Sing|Tense=Past|VerbForm=Fin|Voice=Mid,_,_,_,@vvp1934m-words#@vvp1934m#2618.435#2618.65
939,я,я,PRON,_,Case=Nom|Number=Sing|Person=1,_,_,_,@vvp1934m-words#@vvp1934m#2619.17#2619.508
940,бы,бы,AUX,_,_,_,_,_,@vvp1934m-words#@vvp1934m#2619.508#2619.846
941,сделал,делать,VERB,_,Aspect=Perf|Gender=Masc|Mood=Ind|Number=Sing|Tense=Past|VerbForm=Fin|Voice=Act,_,_,_,@vvp1934m-words#@vvp1934m#2619.846#2620.184
942,очень,очень,ADV,_,Degree=Pos,_,_,_,@vvp1934m-words#@vvp1934m#2620.184#2620.522
943,даже,даже,PART,_,_,_,_,_,@vvp1934m-words#@vvp1934m#2620.522#2620.86
944,подробно,подробно,ADV,_,Degree=Pos,_,_,_,@vvp1934m-words#@vvp1934m#2620.86#2621.2